Date;usd
05.01.1999;0,008482124
06.01.1999;-0,399439617
07.01.1999;-0,949739759
08.01.1999;0,231849316
11.01.1999;-0,77493069
12.01.1999;-0,424445178
13.01.1999;1,92578166
14.01.1999;-0,777881428
15.01.1999;-0,231968831
18.01.1999;-0,120492312
19.01.1999;0,034441192
20.01.1999;-0,353585811
21.01.1999;-0,025921286
22.01.1999;-0,04321708
25.01.1999;0,146861933
26.01.1999;-0,017266684
27.01.1999;-0,458656855
28.01.1999;-1,037543638
29.01.1999;-0,228130309
01.02.1999;-0,404894489
02.02.1999;-0,008820287
03.02.1999;0
04.02.1999;-0,654869597
05.02.1999;0,257149333
08.02.1999;-0,408200052
09.02.1999;0,770631388
10.02.1999;0,079382584
11.02.1999;-0,264854044
12.02.1999;-0,602945611
15.02.1999;-0,053376035
16.02.1999;-0,553227074
17.02.1999;0,686613781
18.02.1999;-0,186791248
19.02.1999;-0,616210925
22.02.1999;-1,543700255
23.02.1999;-0,209462305
24.02.1999;0,618015236
25.02.1999;-0,05437738
26.02.1999;-0,117919194
01.03.1999;-0,290856413
02.03.1999;-0,905231802
03.03.1999;0,110162501
04.03.1999;-0,303239378
05.03.1999;-0,294931089
08.03.1999;0,680712775
09.03.1999;-0,413394553
10.03.1999;0,825087189
11.03.1999;-0,567663125
12.03.1999;0,375750797
15.03.1999;0,155385983
16.03.1999;-0,439359975
17.03.1999;0,594504884
18.03.1999;0,41860103
19.03.1999;-0,884759728
22.03.1999;-0,468341919
23.03.1999;0,294117859
24.03.1999;0,293255342
25.03.1999;-0,274901667
26.03.1999;-0,764522676
29.03.1999;-1,143826113
30.03.1999;0,177545251
31.03.1999;0,28900407
01.04.1999;0,278888347
02.04.1999;
05.04.1999;-0,185839117
06.04.1999;-0,242108322
07.04.1999;0,798592785
08.04.1999;0,055478504
09.04.1999;-0,370439394
12.04.1999;0,822365457
13.04.1999;-0,943054326
14.04.1999;0,204157458
15.04.1999;-0,009270848
16.04.1999;-1,10003906
19.04.1999;-0,300413294
20.04.1999;0,093976137
21.04.1999;-0,565186131
22.04.1999;-0,047243351
23.04.1999;0,499647516
26.04.1999;-0,188253068
27.04.1999;0,150630795
28.04.1999;0,338091982
29.04.1999;-0,582982375
30.04.1999;-0,066034623
03.05.1999;-0,075521574
04.05.1999;-0,236373201
05.05.1999;0,970286921
06.05.1999;1,229867361
07.05.1999;-0,120454034
10.05.1999;-0,473956558
11.05.1999;-0,027949877
12.05.1999;-0,813963422
13.05.1999;-0,216297635
14.05.1999;0,507090954
17.05.1999;0,084265723
18.05.1999;0,046783627
19.05.1999;-0,525230995
20.05.1999;0,047007945
21.05.1999;-0,631749779
24.05.1999;0,122890784
25.05.1999;0,39600278
26.05.1999;-0,869488513
27.05.1999;-0,590253047
28.05.1999;0,05727377
31.05.1999;-0,219727817
01.06.1999;-0,210627172
02.06.1999;-0,49961672
03.06.1999;
04.06.1999;-0,647439088
07.06.1999;0,00969415
08.06.1999;0,666636931
09.06.1999;0,776945062
10.06.1999;0,076408791
11.06.1999;
14.06.1999;-0,353881102
15.06.1999;-0,432090547
16.06.1999;-0,453296817
17.06.1999;-0,048344212
18.06.1999;0,463142472
21.06.1999;-0,47281412
22.06.1999;-0,251791727
23.06.1999;-0,320497531
24.06.1999;0,398039456
25.06.1999;1,175124291
28.06.1999;-0,52806037
29.06.1999;-0,23130311
30.06.1999;-0,347960916
01.07.1999;-0,621602623
02.07.1999;-0,224335622
05.07.1999;-0,087920682
06.07.1999;-0,107563693
07.07.1999;0,0097833
08.07.1999;-0,392080487
09.07.1999;0,21583448
12.07.1999;-0,78709576
13.07.1999;0,581082051
14.07.1999;-0,14741293
15.07.1999;0,324022081
16.07.1999;0,00980248
19.07.1999;-0,550424036
20.07.1999;2,568734348
21.07.1999;0,498276232
22.07.1999;0,353036958
23.07.1999;-0,028578233
26.07.1999;1,906257591
27.07.1999;-0,665887572
28.07.1999;-0,226095245
29.07.1999;0,723585359
30.07.1999;0,131000299
02.08.1999;-0,27154846
03.08.1999;-0,187705358
04.08.1999;1,083818887
05.08.1999;0,278396616
06.08.1999;-0,47373643
09.08.1999;-0,326416704
10.08.1999;0,298479841
11.08.1999;-0,644711413
12.08.1999;-0,281611
13.08.1999;0,272236732
16.08.1999;-1,074468395
17.08.1999;-0,246679442
18.08.1999;-0,095038973
19.08.1999;
20.08.1999;1,416186811
23.08.1999;-0,573498493
24.08.1999;-0,890241697
25.08.1999;-0,754360226
26.08.1999;0,181948817
27.08.1999;-0,019136925
30.08.1999;0,038270188
31.08.1999;1,131890146
01.09.1999;0,377608303
02.09.1999;0,460635362
03.09.1999;0,187406352
06.09.1999;-0,82722788
07.09.1999;-0,274115205
08.09.1999;0,453301371
09.09.1999;-0,198066559
10.09.1999;-0,682079189
13.09.1999;-1,706493334
14.09.1999;0,193199442
15.09.1999;0,067531718
16.09.1999;0,02892821
17.09.1999;0,240743532
20.09.1999;0,086525987
21.09.1999;-0,173126907
22.09.1999;1,158073908
23.09.1999;-0,754576387
24.09.1999;0,440065763
27.09.1999;-0,59358719
28.09.1999;0,660384273
29.09.1999;0,760243137
30.09.1999;0,961002308
01.10.1999;0,588979406
04.10.1999;-0,083927827
05.10.1999;-0,308339417
06.10.1999;0,476124692
07.10.1999;-0,07453648
08.10.1999;-0,673340242
11.10.1999;-0,244269193
12.10.1999;0,347434501
13.10.1999;1,025841319
14.10.1999;-0,185735566
15.10.1999;1,026503673
18.10.1999;-0,009200902
19.10.1999;-0,461127811
20.10.1999;-0,379717983
21.10.1999;0,185408415
22.10.1999;-0,361865391
25.10.1999;-0,699597089
26.10.1999;-0,469132029
27.10.1999;-0,764695725
28.10.1999;-0,170729435
29.10.1999;-0,771910251
01.11.1999;1,131997819
02.11.1999;-0,616729504
03.11.1999;-0,152395496
04.11.1999;0,123839025
05.11.1999;-0,918139579
08.11.1999;-0,028828136
09.11.1999;0,182437998
10.11.1999;-0,211274447
11.11.1999;0,038446752
12.11.1999;-0,946227008
15.11.1999;-0,067931489
16.11.1999;0,339196914
17.11.1999;0,694179417
18.11.1999;-0,269386347
19.11.1999;-0,977789871
22.11.1999;0,310830751
23.11.1999;0,038785999
24.11.1999;-0,974191825
25.11.1999;-0,205791635
26.11.1999;-0,916488307
29.11.1999;-0,237882955
30.11.1999;0,198275072
01.12.1999;-0,059441254
02.12.1999;-0,337502802
03.12.1999;-0,418494034
06.12.1999;1,653748636
07.12.1999;0,558250311
08.12.1999;-0,02930403
09.12.1999;-0,597718697
10.12.1999;-0,33471187
13.12.1999;-0,128274723
14.12.1999;-0,892597417
15.12.1999;-0,169500016
16.12.1999;1,239664807
17.12.1999;-0,177567374
20.12.1999;-0,31645596
21.12.1999;-0,118929647
22.12.1999;-0,0992162
23.12.1999;0,14878741
24.12.1999;0,523949595
27.12.1999;-0,078911032
28.12.1999;-0,445038563
29.12.1999;-0,168642468
30.12.1999;-0,258475141
03.01.2000;0,437028904
04.01.2000;2,108437998
05.01.2000;0,609492527
06.01.2000;0,192715419
07.01.2000;-1,00620044
10.01.2000;-0,536246593
11.01.2000;0,26360767
12.01.2000;0,505739261
13.01.2000;-0,310921354
14.01.2000;-0,497537732
17.01.2000;-1,289451401
18.01.2000;-0,009907366
19.01.2000;0,11882366
20.01.2000;-0,158462943
21.01.2000;0,07926286
24.01.2000;-0,695689548
25.01.2000;-0,189668138
26.01.2000;0,109851711
27.01.2000;-0,43010819
28.01.2000;-1,29138195
31.01.2000;-0,580479251
01.02.2000;-0,830731407
02.02.2000;0,072064655
03.02.2000;0,318520691
04.02.2000;0,888531608
07.02.2000;-0,693809538
08.02.2000;1,382838507
09.02.2000;0,312547515
10.02.2000;-0,666601802
11.02.2000;-0,681277738
14.02.2000;0,671143459
15.02.2000;-0,906089172
16.02.2000;0,265550151
17.02.2000;1,16616441
18.02.2000;-0,627024708
21.02.2000;
22.02.2000;1,660081385
23.02.2000;0,457940074
24.02.2000;-1,702936074
25.02.2000;-0,862467931
28.02.2000;-1,789066842
29.02.2000;0,775077512
01.03.2000;-0,485012044
02.03.2000;0,598186602
03.03.2000;-0,680976631
06.03.2000;-0,196901457
07.03.2000;-0,488744279
08.03.2000;-0,52257644
09.03.2000;0,762047636
10.03.2000;-0,031202871
13.03.2000;1,065766206
14.03.2000;-0,992974646
15.03.2000;0,280272151
16.03.2000;0,165717283
17.03.2000;0,09309543
20.03.2000;0,443596952
21.03.2000;-0,144210985
22.03.2000;-1,015342332
23.03.2000;0,550393414
24.03.2000;0,609159903
27.03.2000;-0,030884851
28.03.2000;-0,671524813
29.03.2000;-0,822278898
30.03.2000;-0,135961952
31.03.2000;-0,02093364
03.04.2000;0,115080831
04.04.2000;-0,272222972
05.04.2000;1,405467932
06.04.2000;-0,497461903
07.04.2000;-0,635783058
10.04.2000;0,27148393
11.04.2000;0,041701418
12.04.2000;-0,187793482
13.04.2000;-0,408099766
14.04.2000;0,031451486
17.04.2000;0,34531505
18.04.2000;-0,79706767
19.04.2000;-0,379787354
20.04.2000;-0,902485289
25.04.2000;-0,792380203
26.04.2000;-1,178710592
27.04.2000;-0,32686889
28.04.2000;-0,854893413
02.05.2000;0,340640954
03.05.2000;-2,252022623
04.05.2000;0,380739542
05.05.2000;0,412693687
08.05.2000;-0,356824643
09.05.2000;0,290016935
10.05.2000;1,426620823
11.05.2000;-0,30792942
12.05.2000;-0,552243506
15.05.2000;1,298433735
16.05.2000;-0,900511247
17.05.2000;-1,59007075
18.05.2000;0,223914111
19.05.2000;-0,752094245
22.05.2000;1,398624197
23.05.2000;1,22578974
24.05.2000;-0,142786558
25.05.2000;-1,294337446
26.05.2000;1,787732449
29.05.2000;1,293144888
30.05.2000;1,041843912
31.05.2000;-0,600151839
01.06.2000;0,289808607
02.06.2000;0,267594487
05.06.2000;0,830321994
06.06.2000;0,549742372
07.06.2000;0,724831158
08.06.2000;1,186154787
09.06.2000;-1,858285022
12.06.2000;0,38912601
13.06.2000;0,586082264
14.06.2000;0,551538939
15.06.2000;-1,169115613
16.06.2000;0,429567427
19.06.2000;0,781050573
20.06.2000;-1,063728875
21.06.2000;-0,715491268
22.06.2000;-0,688744444
23.06.2000;0,085024981
26.06.2000;-0,917829282
27.06.2000;0,790264685
28.06.2000;0,148809551
29.06.2000;0,940860051
30.06.2000;0,545646684
03.07.2000;-0,661454456
04.07.2000;-0,063224449
05.07.2000;0,525653019
06.07.2000;0,05241365
07.07.2000;-0,620238519
10.07.2000;0,420920331
11.07.2000;0,041994751
12.07.2000;-0,294334282
13.07.2000;-1,59171442
14.07.2000;-0,053495962
17.07.2000;0,085579808
18.07.2000;0,010692328
19.07.2000;-1,47560435
20.07.2000;0,043393361
21.07.2000;1,539071439
24.07.2000;-0,33163978
25.07.2000;0,832359944
26.07.2000;-0,212766038
27.07.2000;-0,010650194
28.07.2000;-1,210837188
31.07.2000;-0,356391111
01.08.2000;0,226941255
02.08.2000;-1,325674092
03.08.2000;-1,254832095
04.08.2000;0,033224431
07.08.2000;0,585152097
08.08.2000;-0,40814132
09.08.2000;-0,821314273
10.08.2000;0,644303495
11.08.2000;1,11216254
14.08.2000;-1,333867541
15.08.2000;1,180442854
16.08.2000;-0,505773481
17.08.2000;0,746763848
18.08.2000;-0,142333193
21.08.2000;-1,146018052
22.08.2000;-0,566825635
23.08.2000;-0,603691045
24.08.2000;1,048531636
25.08.2000;0,09981701
28.08.2000;-0,155313987
29.08.2000;-0,467394574
30.08.2000;-0,626610532
31.08.2000;-0,033679484
01.09.2000;-0,044923631
04.09.2000;1,094860674
05.09.2000;-1,274757282
06.09.2000;-0,768191758
07.09.2000;-1,623449397
08.09.2000;0,677735062
11.09.2000;-1,452977591
12.09.2000;0,058061896
13.09.2000;0,463285517
14.09.2000;0,449646229
15.09.2000;-0,901323412
18.09.2000;-1,038455164
19.09.2000;0,175777862
20.09.2000;-0,763945656
21.09.2000;0,564707383
22.09.2000;4,204133529
25.09.2000;-1,359024314
26.09.2000;-0,148342584
27.09.2000;1,180624453
28.09.2000;-0,327813553
29.09.2000;-0,761497116
02.10.2000;0,421245002
03.10.2000;-0,444065632
04.10.2000;-0,377294222
05.10.2000;0,63941757
06.10.2000;-0,949175175
09.10.2000;-0,0919646
10.10.2000;0,298576244
11.10.2000;-0,011467232
12.10.2000;-0,829115758
13.10.2000;-0,243126024
16.10.2000;-1,35373756
17.10.2000;-0,176398
18.10.2000;0,340755867
19.10.2000;-1,346265019
20.10.2000;0,486272677
23.10.2000;-0,891324458
24.10.2000;0,107379358
25.10.2000;-0,946511589
26.10.2000;-0,664293765
27.10.2000;0,868731332
30.10.2000;1,880336252
31.10.2000;-0,769280082
01.11.2000;1,614553958
02.11.2000;1,069777644
03.11.2000;0,966858361
06.11.2000;-0,72426597
07.11.2000;-0,927327846
08.11.2000;-0,326607079
09.11.2000;-0,327677297
10.11.2000;1,650816378
13.11.2000;-0,612966703
14.11.2000;-0,430158194
15.11.2000;0,151347604
16.11.2000;-0,314593909
17.11.2000;-0,397568344
20.11.2000;-0,552195493
21.11.2000;-0,165074911
22.11.2000;-0,532451119
23.11.2000;-0,023730423
24.11.2000;0,106742583
27.11.2000;-0,356252603
28.11.2000;1,827126918
29.11.2000;1,034231518
30.11.2000;0,392293107
01.12.2000;0,585569157
04.12.2000;1,961180581
05.12.2000;-1,106230945
06.12.2000;0,204104845
07.12.2000;1,294261497
08.12.2000;-0,538178225
11.12.2000;-1,028315745
12.12.2000;-0,250199152
13.12.2000;-0,387906933
14.12.2000;1,034864526
15.12.2000;1,627146936
18.12.2000;-0,20055717
19.12.2000;-0,705134714
20.12.2000;1,73704401
21.12.2000;0,955788655
22.12.2000;1,022526042
27.12.2000;0,754720564
28.12.2000;-0,268889648
29.12.2000;0,215169529
02.01.2001;1,260161913
03.01.2001;1,129120844
04.01.2001;-0,758377344
05.01.2001;0,915651296
08.01.2001;-0,504149792
09.01.2001;-1,015989266
10.01.2001;0,116940427
11.01.2001;1,172445435
12.01.2001;0,230753197
15.01.2001;-1,23334721
16.01.2001;-0,169851421
17.01.2001;-0,170140407
18.01.2001;0,085106388
19.01.2001;-0,04254414
22.01.2001;-1,177113645
23.01.2001;1,251554016
24.01.2001;-1,208506233
25.01.2001;-1,605240543
26.01.2001;0,892571508
29.01.2001;-0,380001543
30.01.2001;0,043501904
31.01.2001;1,038408465
01.02.2001;1,208635495
02.02.2001;0,010630947
05.02.2001;0,191164034
06.02.2001;-1,098853538
07.02.2001;0,032176758
08.02.2001;-1,132392796
09.02.2001;0,075893103
12.02.2001;0,65892758
13.02.2001;-0,14006359
14.02.2001;-1,051329252
15.02.2001;-0,963440778
16.02.2001;0,252705732
19.02.2001;1,091356461
20.02.2001;-1,5643266
21.02.2001;0,834436111
22.02.2001;-0,988910378
23.02.2001;0,088300226
26.02.2001;0,451318945
27.02.2001;0,63499228
28.02.2001;0,923367595
01.03.2001;0,226818696
02.03.2001;1,009025306
05.03.2001;-0,621386186
06.03.2001;-0,279810772
07.03.2001;0,301302283
08.03.2001;0,053708579
09.03.2001;0,48208353
12.03.2001;-0,912562026
13.03.2001;-0,75782543
14.03.2001;-0,217580591
15.03.2001;-1,29345221
16.03.2001;-1,299224316
19.03.2001;0,546175353
20.03.2001;0,266429998
21.03.2001;-0,333148559
22.03.2001;-1,129829122
23.03.2001;0,370557945
26.03.2001;0,145601191
27.03.2001;0,19008224
28.03.2001;-1,033020639
29.03.2001;-0,225988797
30.03.2001;-0,090538711
02.04.2001;-0,681665898
03.04.2001;0,828749706
04.04.2001;2,092149924
05.04.2001;-0,132949277
06.04.2001;-0,890874489
09.04.2001;0,868699081
10.04.2001;-0,812786304
11.04.2001;-1,180784031
12.04.2001;0,101758164
17.04.2001;-0,657598742
18.04.2001;-0,14798796
19.04.2001;0,556661477
20.04.2001;1,818640155
23.04.2001;0,144516728
24.04.2001;-0,322670655
25.04.2001;-0,290178775
26.04.2001;0,734969901
27.04.2001;0,110889344
30.04.2001;-1,642586794
02.05.2001;0,348647938
03.05.2001;-0,044918586
04.05.2001;0,403542751
07.05.2001;-0,223989342
08.05.2001;-0,596009636
09.05.2001;-0,440853028
10.05.2001;0,260225298
11.05.2001;-0,873863587
14.05.2001;-0,319671468
15.05.2001;0,262662174
16.05.2001;0,749918297
17.05.2001;-0,215309732
18.05.2001;-0,432015224
21.05.2001;-0,262392484
22.05.2001;-0,791333908
23.05.2001;-1,158090534
24.05.2001;0,221071706
25.05.2001;-0,151206775
28.05.2001;-0,081513833
29.05.2001;-0,373483161
30.05.2001;0,070134427
31.05.2001;-0,915606819
01.06.2001;-0,023587687
04.06.2001;0,411983397
05.06.2001;-0,565439132
06.06.2001;0,917221858
07.06.2001;-0,905409207
08.06.2001;0,023621117
11.06.2001;0,306567862
12.06.2001;-0,235737969
13.06.2001;0,799252021
14.06.2001;-0,587062858
15.06.2001;1,982109895
18.06.2001;-0,939518597
19.06.2001;-0,209986078
20.06.2001;-0,585618914
21.06.2001;0,457076682
22.06.2001;-0,28103063
25.06.2001;0,922095824
26.06.2001;0,046463005
27.06.2001;0,127662061
28.06.2001;-1,295763183
29.06.2001;-0,364899469
02.07.2001;-0,295246745
03.07.2001;0,495517767
04.07.2001;-0,519175207
05.07.2001;-0,367407821
06.07.2001;-0,452220216
09.07.2001;0,890583574
10.07.2001;1,011535325
11.07.2001;0,769413915
12.07.2001;-0,851366738
13.07.2001;0,011711659
16.07.2001;0,513959781
17.07.2001;-0,78367557
18.07.2001;1,329775806
19.07.2001;1,071871036
20.07.2001;0,605750752
23.07.2001;-1,146013001
24.07.2001;0,368155041
25.07.2001;0,971380702
26.07.2001;-0,330352866
27.07.2001;0,045630847
30.07.2001;-0,194075065
31.07.2001;0,045698618
01.08.2001;0,705671037
02.08.2001;-0,329452158
03.08.2001;0,204615281
06.08.2001;-0,011356539
07.08.2001;-0,421101174
08.08.2001;-0,057041813
09.08.2001;1,021807256
10.08.2001;0,933167714
13.08.2001;0,613601524
14.08.2001;-0,256139123
15.08.2001;1,614900707
16.08.2001;0,328623365
17.08.2001;-0,065638335
20.08.2001;0,120304056
21.08.2001;-0,229797114
22.08.2001;0,959449139
23.08.2001;-1,134887781
24.08.2001;-0,043907794
27.08.2001;-0,197824001
28.08.2001;-0,529451932
29.08.2001;0,880868942
30.08.2001;-0,296426632
31.08.2001;0,690300226
03.09.2001;-0,943506725
04.09.2001;-1,130707091
05.09.2001;-0,884614693
06.09.2001;-0,40572579
07.09.2001;1,089469977
10.09.2001;1,055624003
11.09.2001;-0,92166551
12.09.2001;0,976917183
13.09.2001;0,088339228
14.09.2001;1,739745176
17.09.2001;0,540892708
18.09.2001;-0,1403509
19.09.2001;0,021605272
20.09.2001;0,010800886
21.09.2001;-0,639256741
24.09.2001;-0,392071946
25.09.2001;0,130861524
26.09.2001;0,467519199
27.09.2001;-0,151975713
28.09.2001;-0,807159705
01.10.2001;-0,065731817
02.10.2001;0,698921705
03.10.2001;0,217415022
04.10.2001;-1,004046414
05.10.2001;0,623259357
08.10.2001;0,435067034
09.10.2001;-0,228174163
10.10.2001;-0,621967197
11.10.2001;-0,813280667
12.10.2001;-0,243067184
15.10.2001;0,628551444
16.10.2001;-0,495896107
17.10.2001;-0,331968879
18.10.2001;0,044326242
19.10.2001;-0,188522374
22.10.2001;-0,444989053
23.10.2001;-0,918465238
24.10.2001;0,33700324
25.10.2001;-0,314500989
26.10.2001;0,247191137
29.10.2001;1,049351
30.10.2001;0,65305451
31.10.2001;-0,243013485
01.11.2001;0,606429997
02.11.2001;-0,451716738
05.11.2001;-1,054569356
06.11.2001;0
07.11.2001;0,589709637
08.11.2001;-0,467030761
09.11.2001;-0,469222177
12.11.2001;-0,12325622
13.11.2001;-0,867073728
14.11.2001;-0,442052293
15.11.2001;0,249603034
16.11.2001;0,226372479
19.11.2001;-0,589637721
20.11.2001;0,351933155
21.11.2001;-0,374681108
22.11.2001;-0,14798796
23.11.2001;0,193478692
26.11.2001;0,261170875
27.11.2001;-0,340793241
28.11.2001;0,488110396
29.11.2001;0,632127627
30.11.2001;0,123699763
03.12.2001;0,302979528
04.12.2001;-0,258035707
05.12.2001;0,190786209
06.12.2001;-0,336927542
07.12.2001;0,247191137
10.12.2001;-0,686900961
11.12.2001;0,653229038
12.12.2001;0,336210112
13.12.2001;0,413108386
14.12.2001;0,455784236
17.12.2001;0,365347763
18.12.2001;-0,40972318
19.12.2001;-0,322312032
20.12.2001;-0,111383393
21.12.2001;-0,334896495
24.12.2001;-1,634668044
27.12.2001;0,283752531
28.12.2001;-0,113404412
02.01.2002;2,521000687
03.01.2002;-0,022131238
04.01.2002;-0,911623879
07.01.2002;-0,548744308
08.01.2002;0,0449085
09.01.2002;0,134604619
10.01.2002;-0,134604619
11.01.2002;0,112183095
14.01.2002;0,089655951
15.01.2002;-0,056025549
16.01.2002;-1,18384606
17.01.2002;0,02268088
18.01.2002;-0,102104496
21.01.2002;0,33994367
22.01.2002;-0,113186203
23.01.2002;0,294018079
24.01.2002;-1,01005228
25.01.2002;-1,19335897
28.01.2002;-0,986029681
29.01.2002;0,534822807
30.01.2002;0,208502334
31.01.2002;-0,057873721
01.02.2002;-0,057907234
04.02.2002;0,138921069
05.02.2002;0,450165243
06.02.2002;-0,219058138
07.02.2002;0
08.02.2002;0,873367997
11.02.2002;0,615948109
12.02.2002;-0,467317201
13.02.2002;-0,251658792
14.02.2002;-0,436180673
15.02.2002;0,137946912
18.02.2002;0,114810575
19.02.2002;-0,264261658
20.02.2002;0,58503178
21.02.2002;-0,481541861
22.02.2002;0,527282285
25.02.2002;-0,26329361
26.02.2002;-0,482593146
27.02.2002;-0,380820955
28.02.2002;0,023121387
01.03.2002;0,323139346
04.03.2002;-0,346260734
05.03.2002;0,380820955
06.03.2002;0,344946875
07.03.2002;0,59510361
08.03.2002;0,375833254
11.03.2002;-0,638615467
12.03.2002;-0,091564617
13.03.2002;0,011450163
14.03.2002;0,786911742
15.03.2002;0,566381215
18.03.2002;-0,691416753
19.03.2002;0,419954082
20.03.2002;-0,17003915
21.03.2002;0,034030969
22.03.2002;-0,249829792
25.03.2002;-0,410163501
26.03.2002;-0,251486186
27.03.2002;0,102957167
28.03.2002;-0,251860465
02.04.2002;0,708169721
03.04.2002;0,193302693
04.04.2002;0,170251446
05.04.2002;-0,363554138
08.04.2002;-0,091095429
09.04.2002;-0,171027919
10.04.2002;0,398611085
11.04.2002;-0,045475217
12.04.2002;0,102290172
15.04.2002;-0,011360409
16.04.2002;0,011360409
17.04.2002;0,870898453
18.04.2002;0,168776411
19.04.2002;-0,10123166
22.04.2002;-0,045024764
23.04.2002;-0,112650682
24.04.2002;0,225174605
25.04.2002;0,862219103
26.04.2002;0,022296544
29.04.2002;0,744075841
30.04.2002;-0,332483959
02.05.2002;0,266075545
03.05.2002;0,563070767
06.05.2002;0,669339197
07.05.2002;-0,208002702
08.05.2002;-0,406303749
09.05.2002;-0,297537274
10.05.2002;0,627099255
13.05.2002;
14.05.2002;-0,616063555
15.05.2002;-0,353747882
16.05.2002;1,035593699
17.05.2002;0,306413022
20.05.2002;0,54484171
21.05.2002;0,119467839
22.05.2002;0,508851853
23.05.2002;-0,508851853
24.05.2002;-0,27172453
27.05.2002;0,021765154
28.05.2002;0,704800966
29.05.2002;0,699868267
30.05.2002;0,588394316
31.05.2002;0,12791815
03.06.2002;-0,791447982
04.06.2002;1,301490528
05.06.2002;-0,680636468
06.06.2002;0,159940323
07.06.2002;0,700714195
10.06.2002;0,074030991
11.06.2002;-0,44501027
12.06.2002;0,37097928
13.06.2002;-0,37097928
14.06.2002;0,645675702
17.06.2002;-0,550149504
18.06.2002;0,61343397
19.06.2002;0,80861559
20.06.2002;0,323709362
21.06.2002;0,457666703
24.06.2002;1,493564356
25.06.2002;-0,707949399
26.06.2002;2,088822189
27.06.2002;-0,94220848
28.06.2002;1,525359137
01.07.2002;-0,623493573
02.07.2002;-0,759458868
03.07.2002;-0,591295433
04.07.2002;0,10219725
05.07.2002;-0,666156704
08.07.2002;1,053556515
09.07.2002;1,03250234
10.07.2002;-0,322776153
11.07.2002;-0,628359218
12.07.2002;0,375463428
15.07.2002;1,517845896
16.07.2002;1,022290676
17.07.2002;-0,624042439
18.07.2002;-0,059636221
19.07.2002;0,871120139
22.07.2002;-0,593121549
23.07.2002;-1,760397531
24.07.2002;0,050441363
25.07.2002;0,993535194
26.07.2002;-0,059934074
29.07.2002;-1,886182299
30.07.2002;0,142450167
31.07.2002;-0,530126637
01.08.2002;-0,235378505
02.08.2002;1,15113582
05.08.2002;-0,375463428
06.08.2002;-1,505790295
07.08.2002;0,092845728
08.08.2002;-0,113489824
09.08.2002;0,432633555
12.08.2002;0,522836805
13.08.2002;0,194085561
14.08.2002;0,590152303
15.08.2002;-0,814917416
16.08.2002;0,489746923
19.08.2002;-0,26498181
20.08.2002;-0,071461388
21.08.2002;-0,306842831
22.08.2002;0,081916859
23.08.2002;-0,749990673
26.08.2002;0,041241366
27.08.2002;0,749682587
28.08.2002;0,53061349
29.08.2002;0,17286089
30.08.2002;-0,101646685
02.09.2002;-0,122112562
03.09.2002;0,902139817
04.09.2002;0,372664983
05.09.2002;0,281096461
06.09.2002;-0,573067471
09.09.2002;-1,258133479
10.09.2002;-0,347755286
11.09.2002;-0,112768478
12.09.2002;0,082026048
13.09.2002;0,541729745
16.09.2002;-1,303050295
17.09.2002;-0,351748759
18.09.2002;0,784560647
19.09.2002;0,911004816
20.09.2002;-0,244848113
23.09.2002;0,417920184
24.09.2002;-0,030520373
25.09.2002;-0,58166397
26.09.2002;0,255532413
27.09.2002;-0,173690976
30.09.2002;0,824893928
01.10.2002;0,010141474
02.10.2002;-0,264013151
03.10.2002;0,557669379
04.10.2002;-0,253100616
07.10.2002;-0,579476028
08.10.2002;-0,081599352
09.10.2002;0,142755199
10.10.2002;0,619637312
11.10.2002;-0,18244481
14.10.2002;0,162189595
15.10.2002;-0,640148505
16.10.2002;0,132430112
17.10.2002;-0,612684445
18.10.2002;-0,287209142
21.10.2002;0,133449694
22.10.2002;0,204960105
23.10.2002;0,071636906
24.10.2002;-0,379234811
25.10.2002;0,256397248
28.10.2002;-0,184539728
29.10.2002;0,766678941
30.10.2002;0,050903539
31.10.2002;0,396160811
01.11.2002;1,108994126
04.11.2002;-0,301235292
05.11.2002;0,801286339
06.11.2002;-0,690728008
07.11.2002;0,580931121
08.11.2002;0,934400437
11.11.2002;0,187812046
12.11.2002;-0,445390948
13.11.2002;-0,12903868
14.11.2002;0,267817449
15.11.2002;-0,655935566
18.11.2002;0,358316299
19.11.2002;0,59435539
20.11.2002;-1,052432272
21.11.2002;0,149603578
22.11.2002;-0,099710847
25.11.2002;-1,194253744
26.11.2002;0,050466819
27.11.2002;0,171396927
28.11.2002;0,070489908
29.11.2002;-0,070489908
02.12.2002;-0,565715217
03.12.2002;0,967847055
04.12.2002;0,510383895
05.12.2002;-0,269878718
06.12.2002;0,150022532
09.12.2002;0,865720119
10.12.2002;0,178182585
11.12.2002;-0,436119236
12.12.2002;0,88019161
13.12.2002;0,63797635
16.12.2002;-0,088092797
17.12.2002;0,925977668
18.12.2002;-0,652165644
19.12.2002;0,321747462
20.12.2002;-0,175370271
23.12.2002;0,262940211
24.12.2002;0,136067666
27.12.2002;0,773997672
30.12.2002;0,442350947
31.12.2002;0,621743837
02.01.2003;-0,391726484
03.01.2003;-0,518285065
06.01.2003;0,919546709
07.01.2003;-0,602497878
08.01.2003;-0,461494906
09.01.2003;1,244988308
10.01.2003;-0,038077107
13.01.2003;0,437013806
14.01.2003;0,265076365
15.01.2003;-0,483344541
16.01.2003;0,36036075
17.01.2003;0,829567352
20.01.2003;0,009387468
21.01.2003;
22.01.2003;0,608302844
23.01.2003;0,363213438
24.01.2003;0,250684872
27.01.2003;0,794314696
28.01.2003;-0,572010048
29.01.2003;0,553609091
30.01.2003;-1,110300081
31.01.2003;0,630682855
03.02.2003;-0,807616365
04.02.2003;0,863074357
05.02.2003;0,809870062
06.02.2003;-0,893068588
07.02.2003;-0,222201739
10.02.2003;0,175950409
11.02.2003;-0,948226869
12.02.2003;0,233241697
13.02.2003;0,251291491
14.02.2003;0,324811199
17.02.2003;-0,715982416
18.02.2003;-0,018665422
19.02.2003;0,027996827
20.02.2003;0,428306055
21.02.2003;0,694415086
24.02.2003;-1,085404227
25.02.2003;0,493138938
26.02.2003;-0,195103885
27.02.2003;0,639631381
28.02.2003;-0,370302219
03.03.2003;0,16680571
04.03.2003;1,09582569
05.03.2003;0,429518595
06.03.2003;-0,027361029
07.03.2003;0,690849034
10.03.2003;0,027172683
11.03.2003;0,343549746
12.03.2003;-0,470418816
13.03.2003;-1,498292235
14.03.2003;-0,822593483
17.03.2003;0,241008645
18.03.2003;-2,0106349
19.03.2003;-0,151257355
20.03.2003;0,207919931
21.03.2003;-0,189000245
24.03.2003;0,584741834
25.03.2003;0,534585095
26.03.2003;-0,224740239
27.03.2003;0,523610359
28.03.2003;0,06525894
31.03.2003;1,526041175
01.04.2003;-0,03672083
02.04.2003;-0,561669908
03.04.2003;-1,188942112
04.04.2003;0,168051575
07.04.2003;-1,295671116
08.04.2003;0,734397426
09.04.2003;0,766287275
10.04.2003;0,584769848
11.04.2003;-0,649955863
14.04.2003;0,018628912
15.04.2003;0,436783372
16.04.2003;0,481037005
17.04.2003;0,772204609
22.04.2003;0,465945752
23.04.2003;-0,246406696
24.04.2003;0,583092031
25.04.2003;-0,318457118
28.04.2003;0,472771132
29.04.2003;-0,627816993
30.04.2003;1,584675711
02.05.2003;0,965586403
05.05.2003;-0,187024145
06.05.2003;1,11693387
07.05.2003;0,729000637
08.05.2003;0,069985131
09.05.2003;0,270730701
12.05.2003;1,136030949
13.05.2003;-0,683541489
14.05.2003;-0,165095402
15.05.2003;-0,357189908
16.05.2003;0,296296513
19.05.2003;1,382669798
20.05.2003;-0,068681321
21.05.2003;0,385720274
22.05.2003;0,264855552
23.05.2003;0,59549304
26.05.2003;0,194890542
27.05.2003;0,742181023
28.05.2003;-1,379098806
29.05.2003;0,153230642
30.05.2003;0,559845385
02.06.2003;-1,276939118
03.06.2003;0,435991287
04.06.2003;-0,273340907
05.06.2003;0,715932488
06.06.2003;0,322198006
09.06.2003;-0,739202142
10.06.2003;-0,230523048
11.06.2003;0,417964527
12.06.2003;-0,119240283
13.06.2003;0,144773285
16.06.2003;0,872702001
17.06.2003;-0,482010151
18.06.2003;-0,834189379
19.06.2003;-0,376809558
20.06.2003;
23.06.2003;-1,000267028
24.06.2003;0,225069347
25.06.2003;-0,121128238
26.06.2003;-1,035557268
27.06.2003;-0,166338406
30.06.2003;0,122591959
01.07.2003;1,010021647
02.07.2003;-0,069330101
03.07.2003;-0,678499471
04.07.2003;0,078523757
07.07.2003;-0,928772119
08.07.2003;-0,29974456
09.07.2003;0,255720787
10.07.2003;-0,114552597
11.07.2003;-0,238337051
14.07.2003;-0,141505286
15.07.2003;0,176850342
16.07.2003;-1,612004448
17.07.2003;0,831512681
18.07.2003;-0,231770473
21.07.2003;0,702568589
22.07.2003;0,521502044
23.07.2003;0,510025727
24.07.2003;0,57722742
25.07.2003;0,087168764
28.07.2003;0,104502317
29.07.2003;-0,235283974
30.07.2003;-0,36710119
31.07.2003;-0,897182551
01.08.2003;-1,325229516
04.08.2003;1,227991939
05.08.2003;0,22968208
06.08.2003;0,519253092
07.08.2003;-0,342932849
08.08.2003;-0,238105849
11.08.2003;-0,274081777
12.08.2003;0,150395923
13.08.2003;-0,30988559
14.08.2003;-0,06209252
15.08.2003;-0,204290163
18.08.2003;-0,525965108
19.08.2003;-1,105480184
20.08.2003;0,39686171
21.08.2003;-0,904247051
22.08.2003;-1,050094113
25.08.2003;-0,055091361
26.08.2003;-0,663474605
27.08.2003;0,837826565
28.08.2003;-0,726941319
29.08.2003;0,910141884
01.09.2003;0,347159128
02.09.2003;-1,063547203
03.09.2003;-0,610208994
04.09.2003;0,324059355
05.09.2003;0,965924441
08.09.2003;1,345841902
09.09.2003;0,576422383
10.09.2003;0,331734737
11.09.2003;0,401983658
12.09.2003;-0,401983658
15.09.2003;0,970924654
16.09.2003;-0,408598899
17.09.2003;-0,204927233
18.09.2003;0,693274486
19.09.2003;0,194673099
22.09.2003;1,369643887
23.09.2003;-0,03488575
24.09.2003;0,017444396
25.09.2003;0,23520199
26.09.2003;-0,052219322
29.09.2003;-0,646290459
30.09.2003;2,072478253
01.10.2003;0,162929333
02.10.2003;0,179771482
03.10.2003;-0,051330312
06.10.2003;-0,91984315
07.10.2003;1,619087067
08.10.2003;0,110408096
09.10.2003;0,059400061
10.10.2003;0
13.10.2003;-0,851939043
14.10.2003;-0,463082896
15.10.2003;0,300390734
16.10.2003;-0,46383866
17.10.2003;-0,310425359
20.10.2003;0,430886568
21.10.2003;-0,051608465
22.10.2003;0,608999609
23.10.2003;0,783649666
24.10.2003;-0,042432215
27.10.2003;-0,280505093
28.10.2003;-0,640453067
29.10.2003;0,094190185
30.10.2003;0,444065632
31.10.2003;-0,976118719
03.11.2003;-0,28434813
04.11.2003;-1,049582433
05.11.2003;0,04359008
06.11.2003;-0,209405888
07.11.2003;-0,218598434
10.11.2003;0,51512752
11.11.2003;0,121845098
12.11.2003;0,891896634
13.11.2003;0,687287929
14.11.2003;0,725104478
17.11.2003;0,313998646
18.11.2003;-0,203562411
19.11.2003;1,114499884
20.11.2003;-0,008396658
21.11.2003;-0,084005381
24.11.2003;-0,640757609
25.11.2003;-0,483277044
26.11.2003;0,525558555
27.11.2003;0,623685123
28.11.2003;0,770007152
01.12.2003;0,208220622
02.12.2003;-0,366758767
03.12.2003;1,05495849
04.12.2003;-0,231634783
05.12.2003;0,10761145
08.12.2003;1,077977935
09.12.2003;0,326851084
10.12.2003;-0,155121066
11.12.2003;-0,425776456
12.12.2003;0,548260446
15.12.2003;-0,19604646
16.12.2003;0,887302822
17.12.2003;-0,016210083
18.12.2003;0,533550174
19.12.2003;0,120865411
22.12.2003;0,12876229
23.12.2003;-0,338355273
24.12.2003;0,120972635
29.12.2003;0,738781165
30.12.2003;-0,024004801
31.12.2003;1,066634327
02.01.2004;-0,301324469
05.01.2004;0,514873014
06.01.2004;0,779132734
07.01.2004;-0,60546676
08.01.2004;-0,355548907
09.01.2004;0,811955113
12.01.2004;0,711913822
13.01.2004;-0,617744467
14.01.2004;-0,448096344
15.01.2004;-0,450113288
16.01.2004;-1,130225339
19.01.2004;-0,965180822
20.01.2004;1,308782582
21.01.2004;0,56477102
22.01.2004;0,813686995
23.01.2004;-0,141721148
26.01.2004;-0,926115774
27.01.2004;-0,462299564
28.01.2004;0,366826568
29.01.2004;-0,759062412
30.01.2004;-0,676004506
02.02.2004;0,619845011
03.02.2004;0,990186163
04.02.2004;-0,485882512
05.02.2004;0,469989315
06.02.2004;-0,430073935
09.02.2004;1,45791347
10.02.2004;0,400361645
11.02.2004;-0,660275941
12.02.2004;0,957545971
13.02.2004;0,109298161
16.02.2004;-0,586925033
17.02.2004;0,914104572
18.02.2004;-0,264777041
19.02.2004;-0,782844142
20.02.2004;-0,480561842
23.02.2004;-0,689411978
24.02.2004;0,150967412
25.02.2004;0,269584686
26.02.2004;-1,475717763
27.02.2004;-0,209154609
01.03.2004;0,530079147
02.03.2004;-0,659007448
03.03.2004;-2,110487786
04.03.2004;0,032935365
05.03.2004;0,369777323
08.03.2004;1,336177611
09.03.2004;0,040457985
10.03.2004;-0,502839665
11.03.2004;-0,350234526
12.03.2004;-0,17149161
15.03.2004;0,350834611
16.03.2004;0,584702007
17.03.2004;-0,804849676
18.03.2004;0,081592694
19.03.2004;0,674662181
22.03.2004;0,072883349
23.03.2004;-0,62528118
24.03.2004;-0,653810763
25.03.2004;-0,52614393
26.03.2004;0,33737946
29.03.2004;-0,45284339
30.03.2004;0,567785932
31.03.2004;0,303142258
01.04.2004;0,782272568
02.04.2004;-0,016235084
05.04.2004;-2,13332672
06.04.2004;0,265032456
07.04.2004;0,090942919
08.04.2004;-0,041327438
13.04.2004;-1,005367614
14.04.2004;-0,426796748
15.04.2004;-0,100688043
16.04.2004;0,167757127
19.04.2004;0,934274397
20.04.2004;-0,984571992
21.04.2004;-0,757515616
22.04.2004;0,312118015
23.04.2004;0,101018613
26.04.2004;-0,286484861
27.04.2004;0,303311379
28.04.2004;0,168109647
29.04.2004;-0,682596507
30.04.2004;1,017970344
03.05.2004;0,050209206
04.05.2004;0,899481371
05.05.2004;0,537480105
06.05.2004;-0,082501448
07.05.2004;-0,355533881
10.05.2004;-1,923457861
11.05.2004;-0,329851866
12.05.2004;0,44799534
13.05.2004;-0,287162359
14.05.2004;-0,177777825
17.05.2004;1,855247336
18.05.2004;-0,333250329
19.05.2004;0,050058403
20.05.2004;-0,560412993
21.05.2004;0,910121925
24.05.2004;-0,525023082
25.05.2004;0,790649535
26.05.2004;0,355828089
27.05.2004;0,486177877
28.05.2004;0,663637682
31.05.2004;-0,392734918
01.06.2004;0,270170863
02.06.2004;0,367242425
03.06.2004;-0,408130515
04.06.2004;-0,188300846
07.06.2004;0,946096283
08.06.2004;-0,20314475
09.06.2004;-1,120620291
10.06.2004;-0,867451431
11.06.2004;-0,382409644
14.06.2004;-0,041654518
15.06.2004;0,41576644
16.06.2004;0,058069602
17.06.2004;-0,1078704
18.06.2004;-0,024909702
21.06.2004;0,579615765
22.06.2004;-0,17353225
23.06.2004;-0,033087931
24.06.2004;0,289148865
25.06.2004;0,131904388
28.06.2004;0,575044713
29.06.2004;-0,319974019
30.06.2004;-0,115112659
01.07.2004;0,106894719
02.07.2004;-0,164500777
05.07.2004;1,145862922
06.07.2004;0,170752572
07.07.2004;0,389200199
08.07.2004;-0,072859748
09.07.2004;0,194174818
12.07.2004;0,201865303
13.07.2004;-0,201865303
14.07.2004;0,072718462
15.07.2004;-0,056554233
16.07.2004;-0,169854855
19.07.2004;0,476479803
20.07.2004;-0,217768364
21.07.2004;-0,721205671
22.07.2004;-0,227975998
23.07.2004;-0,629627167
26.07.2004;-0,229941795
27.07.2004;0,041099832
28.07.2004;-1,107357816
29.07.2004;-0,066500418
30.07.2004;0,108040734
02.08.2004;0,132813168
03.08.2004;-0,274120702
04.08.2004;-0,324932592
05.08.2004;0,491156034
06.08.2004;0,182527222
09.08.2004;1,505519777
10.08.2004;0,260947714
11.08.2004;-0,375326811
12.08.2004;0,187839493
13.08.2004;-0,302349566
16.08.2004;0,961075975
17.08.2004;0,00810537
18.08.2004;-0,05675139
19.08.2004;0,226812572
20.08.2004;-0,535454792
23.08.2004;-0,350405769
24.08.2004;-0,910252708
25.08.2004;-0,478943938
26.08.2004;0,157148207
27.08.2004;-0,124043845
30.08.2004;-0,314934787
31.08.2004;0,529846425
01.09.2004;0,469542442
02.09.2004;0,032867708
03.09.2004;0,024643693
06.09.2004;-0,857878725
07.09.2004;0,06625259
08.09.2004;-0,331702767
09.09.2004;1,254659463
10.09.2004;0,229414275
13.09.2004;0,139030895
14.09.2004;0,008172271
15.09.2004;0,008171604
16.09.2004;-0,655847571
17.09.2004;0,434979552
20.09.2004;-0,649059502
21.09.2004;1,179954693
22.09.2004;-0,252844635
23.09.2004;0,570034117
24.09.2004;-0,048732944
27.09.2004;-0,447828782
28.09.2004;0,658833568
29.09.2004;-0,097331503
30.09.2004;0,695458084
01.10.2004;0,032229474
04.10.2004;-0,873862669
05.10.2004;-0,008127108
06.10.2004;-0,178963686
07.10.2004;0,154578398
08.10.2004;0,113747169
11.10.2004;0,623307154
12.10.2004;-0,647670658
13.10.2004;-0,366166649
14.10.2004;0,892718151
15.10.2004;0,298495643
18.10.2004;0,482161011
19.10.2004;0,280190713
20.10.2004;0,645446282
21.10.2004;0,127004303
22.10.2004;
25.10.2004;1,464708444
26.10.2004;-0,062558651
27.10.2004;0,062558651
28.10.2004;-0,635221522
29.10.2004;0,20433833
01.11.2004;0,086325295
02.11.2004;-0,337877978
03.11.2004;0,384933112
04.11.2004;0,936482574
05.11.2004;-0,13991452
08.11.2004;0,473364481
09.11.2004;-0,046461206
10.11.2004;0,509889856
11.11.2004;-0,67267428
12.11.2004;0,240207779
15.11.2004;0,262791927
16.11.2004;0,123428234
17.11.2004;0,423126377
18.11.2004;-0,015355086
19.11.2004;-0,030717248
22.11.2004;0,099796577
23.11.2004;0,428758026
24.11.2004;0,434534703
25.11.2004;0,508366359
26.11.2004;0,189028826
29.11.2004;0,067963001
30.11.2004;0,361691299
01.12.2004;-0,007521908
02.12.2004;0,150330756
03.12.2004;-0,105207795
06.12.2004;1,009920684
07.12.2004;0,156186116
08.12.2004;-1,1661068
09.12.2004;0,03758692
10.12.2004;-0,860512556
13.12.2004;0,582034222
14.12.2004;0,368629344
15.12.2004;0,494383029
16.12.2004;0,134408622
17.12.2004;-1,027573265
20.12.2004;0,85579683
21.12.2004;0,119527879
22.12.2004;-0,07468818
23.12.2004;0,536513955
24.12.2004;0,637086383
27.12.2004;-0,110827896
28.12.2004;0,78056361
29.12.2004;-0,183546911
30.12.2004;-0,029398795
31.12.2004;0,124885232
03.01.2005;-0,840464989
04.01.2005;-1,056871999
05.01.2005;-1,060598907
06.01.2005;-0,310523974
07.01.2005;0,128870882
10.01.2005;-0,737561797
11.01.2005;0,304808588
12.01.2005;-0,030439084
13.01.2005;0,705323162
14.01.2005;-1,071316708
17.01.2005;-0,045843522
18.01.2005;-0,191241213
19.01.2005;0,175955368
20.01.2005;-1,129955525
21.01.2005;0,208502334
24.01.2005;0,783775335
25.01.2005;-0,306631133
26.01.2005;-0,153668874
27.01.2005;0,161346122
28.01.2005;0,069068726
31.01.2005;
01.02.2005;-0,061392067
02.02.2005;0,260656388
03.02.2005;-0,460441302
04.02.2005;-0,331291955
07.02.2005;-0,88365818
08.02.2005;-0,624806781
09.02.2005;-0,015670297
10.02.2005;0,117467416
11.02.2005;0,608616111
14.02.2005;0,867482785
15.02.2005;0,377170135
16.02.2005;0,184218658
17.02.2005;0,007668418
18.02.2005;-0,015337423
21.02.2005;0,122633571
22.02.2005;1,051518375
23.02.2005;0,07576906
24.02.2005;0,430790826
25.02.2005;-0,719019181
28.02.2005;0,696392187
01.03.2005;-0,309749804
02.03.2005;-0,873965361
03.03.2005;0,327681756
04.03.2005;-0,220876742
07.03.2005;0,623291772
08.03.2005;0,370608903
09.03.2005;0,752109442
10.03.2005;0,470940882
11.03.2005;0,052190122
14.03.2005;-0,328505596
15.03.2005;0,082227626
16.03.2005;-0,074749592
17.03.2005;0,037381781
18.03.2005;-0,742772669
21.03.2005;-0,604277086
22.03.2005;-0,181997472
23.03.2005;-0,953296066
24.03.2005;-0,522435116
29.03.2005;-0,432299577
30.03.2005;0,131431462
31.03.2005;0,162118382
01.04.2005;-0,038575783
04.04.2005;-0,588191464
05.04.2005;-0,56824969
06.04.2005;0,38956029
07.04.2005;0,488695073
08.04.2005;-0,808022421
11.04.2005;1,178765103
12.04.2005;0,107874876
13.04.2005;-0,486355998
14.04.2005;-0,792483364
15.04.2005;0,373715788
18.04.2005;0,766405919
19.04.2005;0,223394924
20.04.2005;0,406988467
21.04.2005;0,068947028
22.04.2005;0,145398916
25.04.2005;-0,852441517
26.04.2005;0,115620316
27.04.2005;-0,471025156
28.04.2005;-0,116166518
29.04.2005;0,402134948
02.05.2005;-0,728120955
03.05.2005;-0,054434466
04.05.2005;0,751679311
05.05.2005;0,007719921
06.05.2005;-0,054051968
09.05.2005;-0,954568577
10.05.2005;0,233663164
11.05.2005;0,217594118
12.05.2005;-0,865401261
13.05.2005;-1,070623467
16.05.2005;-0,150489118
17.05.2005;0,158403328
18.05.2005;-0,118778966
19.05.2005;0,166251077
20.05.2005;-0,27723888
23.05.2005;-0,469092492
24.05.2005;0,548382062
25.05.2005;-0,420952927
26.05.2005;-0,326862809
27.05.2005;0,22333901
30.05.2005;-0,631421192
31.05.2005;-1,136971487
01.06.2005;-0,838801286
02.06.2005;0,285819475
03.06.2005;0,211795452
06.06.2005;-0,138430868
07.06.2005;0,105876135
08.06.2005;0,316957476
09.06.2005;-0,692100633
10.06.2005;-0,081739419
13.06.2005;-1,375016518
14.06.2005;0,397154254
15.06.2005;-0,339137593
16.06.2005;0,380417263
17.06.2005;0,510457226
20.06.2005;0,27063616
21.06.2005;-0,971121121
22.06.2005;0,157005362
23.06.2005;-0,372255052
24.06.2005;0,13251617
27.06.2005;0,67640281
28.06.2005;-0,568862575
29.06.2005;-0,3395589
30.06.2005;0,314752186
01.07.2005;-0,041358204
04.07.2005;-1,609642359
05.07.2005;-0,092526398
06.07.2005;0,252143351
07.07.2005;0,368664012
08.07.2005;-0,444240285
11.07.2005;0,853204674
12.07.2005;1,323865107
13.07.2005;0,147843969
14.07.2005;-0,96491615
15.07.2005;0,049710026
18.07.2005;-0,157499929
19.07.2005;-0,74108337
20.07.2005;0,815719522
21.07.2005;1,022689326
22.07.2005;-0,361693777
25.07.2005;-0,644417299
26.07.2005;-0,648596985
27.07.2005;0,025023981
28.07.2005;0,913248356
29.07.2005;-0,05786798
01.08.2005;1,036534453
02.08.2005;-0,016369291
03.08.2005;0,742103304
04.08.2005;0,089332852
05.08.2005;0,542401654
08.08.2005;-0,129261611
09.08.2005;-0,024255164
10.08.2005;0,08082768
11.08.2005;0,225970559
12.08.2005;0,418309676
15.08.2005;-0,66852168
16.08.2005;-0,49418823
17.08.2005;-0,138160857
18.08.2005;-0,677304805
19.08.2005;-0,245942082
22.08.2005;0,393217513
23.08.2005;0,016350556
24.08.2005;-0,180003321
25.08.2005;0,498305977
26.08.2005;0,284796157
29.08.2005;-0,146365289
30.08.2005;-0,882719258
31.08.2005;0,139464316
01.09.2005;1,545625824
02.09.2005;1,227501473
05.09.2005;-0,023924399
06.09.2005;-0,439631418
07.09.2005;-0,25667777
08.09.2005;-0,265390803
09.09.2005;-0,024161398
12.09.2005;-0,824980415
13.09.2005;-0,300947805
14.09.2005;0,309068973
15.09.2005;-0,741740369
16.09.2005;0,16349223
19.09.2005;-0,853093518
20.09.2005;0,12349238
21.09.2005;0,582470165
22.09.2005;-0,008180294
23.09.2005;-0,87092819
26.09.2005;-0,720529847
27.09.2005;-0,216342238
28.09.2005;0,266200972
29.09.2005;0,215767719
30.09.2005;-0,174237754
03.10.2005;-0,909286765
04.10.2005;0,041891836
05.10.2005;0,075361109
06.10.2005;0,949690577
07.10.2005;0,685811405
10.10.2005;-0,462199568
11.10.2005;-0,547492035
12.10.2005;-0,116521029
13.10.2005;-0,233450164
14.10.2005;0,158472029
17.10.2005;0,191499163
18.10.2005;-0,70954845
19.10.2005;0,108845826
20.10.2005;0,025101452
21.10.2005;0,492385723
24.10.2005;-0,567708988
25.10.2005;0,609325369
26.10.2005;0,348895519
27.10.2005;0,587045383
28.10.2005;0,065930446
31.10.2005;-0,951954542
01.11.2005;-0,124838766
02.11.2005;-0,133333353
03.11.2005;0,407773211
04.11.2005;-0,900982152
07.11.2005;-0,917630718
08.11.2005;-0,704437456
09.11.2005;-0,025554751
10.11.2005;0,20425539
11.11.2005;-0,554159737
14.11.2005;0,136693742
15.11.2005;-0,393499225
16.11.2005;0,085675125
17.11.2005;0,128375216
18.11.2005;-0,111248995
21.11.2005;1,123894333
22.11.2005;-0,935699239
23.11.2005;0,638925375
24.11.2005;0,059425274
25.11.2005;-0,169880275
28.11.2005;-0,315041344
29.11.2005;0,569753657
30.11.2005;-0,203717921
01.12.2005;-0,204133778
02.12.2005;-0,409521944
05.12.2005;0,596660481
06.12.2005;0,135881125
07.12.2005;-0,621463712
08.12.2005;0,460084308
09.12.2005;0,17835157
12.12.2005;1,180950039
13.12.2005;
14.12.2005;0,793489233
15.12.2005;-0,174861612
16.12.2005;-0,133433428
19.12.2005;-0,050083474
20.12.2005;-0,183854306
21.12.2005;-0,696691449
22.12.2005;-0,422048402
23.12.2005;0,312487058
27.12.2005;-0,059044327
28.12.2005;0,538540514
29.12.2005;-0,766610047
30.12.2005;-0,237067252
02.01.2006;0,245523554
03.01.2006;0,413485252
04.01.2006;1,736415612
05.01.2006;0,041371893
06.01.2006;0,041354783
09.01.2006;-0,124115692
10.01.2006;-0,115980462
11.01.2006;0,19874137
12.01.2006;0,206603106
13.01.2006;-0,612787608
16.01.2006;0,604531674
17.01.2006;-0,305949716
18.01.2006;0,413223728
19.01.2006;-0,429788247
20.01.2006;-0,041423305
23.01.2006;1,71702719
24.01.2006;-0,040734857
25.01.2006;0,179109386
26.01.2006;-0,325892418
27.01.2006;-0,671418227
30.01.2006;-0,742149032
31.01.2006;0,297520881
01.02.2006;-0,214787361
02.02.2006;-0,21524969
03.02.2006;-0,041447342
06.02.2006;-0,665504494
07.02.2006;-0,066794692
08.02.2006;-0,209021438
09.02.2006;0,200668964
10.02.2006;-0,016707042
13.02.2006;-0,687403159
14.02.2006;0,084083079
15.02.2006;0,050415933
16.02.2006;-0,387173281
17.02.2006;0,042156739
20.02.2006;0,579955397
21.02.2006;-0,218139192
22.02.2006;-0,260712481
23.02.2006;0,688153102
24.02.2006;-0,511467178
27.02.2006;-0,370557945
28.02.2006;0,193872021
01.03.2006;0,663060048
02.03.2006;-0,276439967
03.03.2006;0,827037837
06.03.2006;-0,024961518
07.03.2006;-0,869207311
08.03.2006;0,008393839
09.03.2006;0,050348243
10.03.2006;-0,008389614
13.03.2006;0,02516673
14.03.2006;0,217846756
15.03.2006;0,650707226
16.03.2006;0,356920902
17.03.2006;0,956550544
20.03.2006;-0,090315701
21.03.2006;-0,246730942
22.03.2006;-0,619503902
23.03.2006;-0,116067
24.03.2006;-0,715953774
27.03.2006;0,46678421
28.03.2006;0,489444753
29.03.2006;-0,59761134
30.03.2006;0,696866932
31.03.2006;0,066115705
03.04.2006;-0,33930599
04.04.2006;1,268550784
05.04.2006;0,367662492
06.04.2006;0,40693472
07.04.2006;-1,086123943
10.04.2006;-0,659035255
11.04.2006;0,049578583
12.04.2006;0,165084643
13.04.2006;-0,255997497
18.04.2006;1,297972712
19.04.2006;0,7642935
20.04.2006;
21.04.2006;-0,25140924
24.04.2006;0,40518694
25.04.2006;0,484067101
26.04.2006;
27.04.2006;-0,088570399
28.04.2006;0,985940414
02.05.2006;0,84194302
03.05.2006;-0,166237917
04.05.2006;-0,237963149
05.05.2006;0,759497322
08.05.2006;0,534508426
09.05.2006;-0,463600406
10.05.2006;0,643745354
11.05.2006;-0,494215558
12.05.2006;1,545095116
15.05.2006;-0,683763348
16.05.2006;-0,070194598
17.05.2006;0,505857338
18.05.2006;-0,873231808
19.05.2006;-0,023495321
22.05.2006;-0,109717879
23.05.2006;0,68766388
24.05.2006;0,077845248
25.05.2006;-0,749827773
26.05.2006;0,328741686
29.05.2006;-0,305224264
30.05.2006;0,632888779
31.05.2006;0,225619577
01.06.2006;-1,031098027
02.06.2006;0,618373071
05.06.2006;1,109699821
06.06.2006;-0,860303698
07.06.2006;-0,45248946
08.06.2006;-0,423131802
09.06.2006;-0,598568378
12.06.2006;-0,689630572
13.06.2006;-0,0079545
14.06.2006;-0,063658791
15.06.2006;0,373416395
16.06.2006;0,324611346
19.06.2006;-0,475399041
20.06.2006;-0,358038335
21.06.2006;0,683138728
22.06.2006;-0,396605581
23.06.2006;-0,637858964
26.06.2006;0,47081442
27.06.2006;0,047755493
28.06.2006;0,023869197
29.06.2006;-0,326706534
30.06.2006;1,45791347
03.07.2006;0,603852362
04.07.2006;0,007818303
05.07.2006;0,023451241
06.07.2006;-0,46222026
07.07.2006;0,337083375
10.07.2006;-0,203682013
11.07.2006;-0,125549295
12.07.2006;-0,109985085
13.07.2006;-0,236090454
14.07.2006;-0,205063563
17.07.2006;-0,991796125
18.07.2006;-0,079770266
19.07.2006;-0,391796767
20.07.2006;1,281609582
21.07.2006;0,292224668
24.07.2006;-0,371351116
25.07.2006;0,023744509
26.07.2006;-0,388534763
27.07.2006;1,18466083
28.07.2006;-0,574782103
31.07.2006;0,810039426
01.08.2006;-0,06268119
02.08.2006;0,305200378
03.08.2006;-0,132921557
04.08.2006;0,086028238
07.08.2006;0,452383581
08.08.2006;-0,085639773
09.08.2006;0,31106643
10.08.2006;-0,170966781
11.08.2006;-0,639827401
14.08.2006;-0,447182324
15.08.2006;0,055024959
16.08.2006;0,53295839
17.08.2006;0,669993158
18.08.2006;-0,599666919
21.08.2006;0,909768726
22.08.2006;-0,831686423
23.08.2006;
24.08.2006;0,148188617
25.08.2006;-0,539211247
28.08.2006;0,297316548
29.08.2006;0,062480477
30.08.2006;0,078045739
31.08.2006;0,257119624
01.09.2006;-0,264921458
04.09.2006;0,272702651
05.09.2006;-0,327332534
06.09.2006;-0,132796957
07.09.2006;-0,485818226
08.09.2006;-0,141487211
11.09.2006;
12.09.2006;-0,031468807
13.09.2006;-0,252107594
14.09.2006;0,36220512
15.09.2006;-0,377982968
18.09.2006;-0,078926602
19.09.2006;-0,086891273
20.09.2006;0,17370711
21.09.2006;0,432952225
22.09.2006;0,673245067
25.09.2006;-0,383037404
26.09.2006;-0,573382555
27.09.2006;-0,086685848
28.09.2006;0,228373529
29.09.2006;-0,417767525
02.10.2006;0,197277634
03.10.2006;0,409095056
04.10.2006;-0,416978693
05.10.2006;0,29128145
06.10.2006;-0,44908486
09.10.2006;-0,482844172
10.10.2006;-0,5170848
11.10.2006;0,039870819
12.10.2006;-0,095716686
13.10.2006;0,151509139
16.10.2006;-0,279274069
17.10.2006;0,071887858
18.10.2006;0,151593758
19.10.2006;0,143403466
20.10.2006;0,452759024
23.10.2006;-0,492572697
24.10.2006;-0,119536214
25.10.2006;0,310497443
26.10.2006;0,578608993
27.10.2006;0,236817288
30.10.2006;0,267716695
31.10.2006;-0,165269781
01.11.2006;0,479315733
02.11.2006;0,078357628
03.11.2006;-0,054843892
06.11.2006;-0,455581654
07.11.2006;0,416389021
08.11.2006;0,164505932
09.11.2006;0,156421117
10.11.2006;0,530009035
13.11.2006;-0,264653381
14.11.2006;-0,046776332
15.11.2006;-0,249843978
16.11.2006;0,093764658
17.11.2006;-0,234576697
20.11.2006;0,523132171
21.11.2006;-0,210485363
22.11.2006;0,56031275
23.11.2006;0,518597083
24.11.2006;0,960400759
27.11.2006;0,27489327
28.11.2006;0,251323387
29.11.2006;0,076034067
30.11.2006;0,326289321
01.12.2006;0,332779009
04.12.2006;0,489587842
05.12.2006;0,165165203
06.12.2006;-0,428491541
07.12.2006;0,173121115
08.12.2006;-0,158055202
11.12.2006;-0,748500829
12.12.2006;0,507173412
13.12.2006;0,15843679
14.12.2006;-0,551840233
15.12.2006;-0,654044464
18.12.2006;-0,083966266
19.12.2006;0,47994607
20.12.2006;0,341413783
21.12.2006;-0,189530401
22.12.2006;0,106181277
27.12.2006;-0,250465009
28.12.2006;0,106334508
29.12.2006;-0,022776449
02.01.2007;0,756433259
03.01.2007;-0,294328728
04.01.2007;-0,949242044
05.01.2007;-0,168003094
08.01.2007;-0,597932023
09.01.2007;0,09222257
10.01.2007;-0,230716091
11.01.2007;-0,030802403
12.01.2007;-0,703330178
15.01.2007;0,371603741
16.01.2007;0,092685571
17.01.2007;-0,340267902
18.01.2007;0,100654261
19.01.2007;0,278207289
22.01.2007;-0,169923575
23.01.2007;0,800743422
24.01.2007;-0,26876576
25.01.2007;-0,20782827
26.01.2007;-0,595078846
29.01.2007;0,1549067
30.01.2007;0,39392937
31.01.2007;-0,138856768
01.02.2007;0,508201602
02.02.2007;
05.02.2007;-0,732321639
06.02.2007;0,231839362
07.02.2007;0,246704311
08.02.2007;0,030795289
09.02.2007;0,123086407
12.02.2007;-0,392867277
13.02.2007;0,508123351
14.02.2007;0,459700472
15.02.2007;0,419543695
16.02.2007;-0,137111539
19.02.2007;0,099043854
20.02.2007;0,098945854
21.02.2007;
22.02.2007;-0,297131756
23.02.2007;0,213414715
26.02.2007;0,197763813
27.02.2007;0,530505223
28.02.2007;-0,143716223
01.03.2007;0,105916185
02.03.2007;-0,46991143
05.03.2007;-0,609618591
06.03.2007;0,129855268
07.03.2007;0,266819293
08.03.2007;0,129341518
09.03.2007;0,022807618
12.03.2007;0,007601383
13.03.2007;0,470160872
14.03.2007;-0,265141627
15.03.2007;0,325646848
16.03.2007;0,74573808
19.03.2007;-0,165239635
20.03.2007;-0,052633559
21.03.2007;-0,022565723
22.03.2007;0,435370752
23.03.2007;-0,179923581
26.03.2007;-0,466306501
27.03.2007;0,61626529
28.03.2007;0,00749204
29.03.2007;0,029962547
30.03.2007;-0,254968267
02.04.2007;0,35976654
03.04.2007;-0,059871279
04.04.2007;-0,044926994
05.04.2007;0,157156253
10.04.2007;0,395537663
11.04.2007;-0,059603638
12.04.2007;0,364515933
13.04.2007;0,481500245
16.04.2007;0,132929641
17.04.2007;-0,007380346
18.04.2007;0,206444075
19.04.2007;0,176613483
20.04.2007;0,036755247
23.04.2007;-0,360785283
24.04.2007;0,184236759
25.04.2007;0,492087218
26.04.2007;-0,389062704
27.04.2007;0,345093775
30.04.2007;-0,278919735
02.05.2007;-0,125032194
03.05.2007;0,183816823
04.05.2007;-0,382719242
07.05.2007;0,397410002
08.05.2007;-0,419534712
09.05.2007;-0,169785594
10.05.2007;-0,059123496
11.05.2007;-0,303557779
14.05.2007;0,466063355
15.05.2007;-0,081219778
16.05.2007;0,26556522
17.05.2007;-0,428202943
18.05.2007;-0,288964007
21.05.2007;-0,245161892
22.05.2007;0,074354974
23.05.2007;0,267221062
24.05.2007;-0,311827411
25.05.2007;-0,052065902
28.05.2007;0,089239241
29.05.2007;0,415400048
30.05.2007;-0,660999844
31.05.2007;0,245599796
01.06.2007;-0,126445775
04.06.2007;0,341779068
05.06.2007;0,370178849
06.06.2007;-0,140506586
07.06.2007;-0,318719463
08.06.2007;-0,902351475
11.06.2007;0,044937089
12.06.2007;-0,074906371
13.06.2007;-0,435566925
14.06.2007;0,127862828
15.06.2007;0,075137129
18.06.2007;0,67370567
19.06.2007;-0,007460738
20.06.2007;0,178904259
21.06.2007;-0,22368038
22.06.2007;0,327893579
25.06.2007;0,148687857
26.06.2007;-0,007429145
27.06.2007;-0,163580972
28.06.2007;0,215573397
29.06.2007;0,281773878
02.07.2007;0,612706305
03.07.2007;0,095626915
04.07.2007;0,124912761
05.07.2007;0,161420535
06.07.2007;-0,323102058
09.07.2007;0,183708763
10.07.2007;0,329827689
11.07.2007;0,634598577
12.07.2007;0,254166652
13.07.2007;-0,043525572
16.07.2007;-0,007256104
17.07.2007;-0,072590015
18.07.2007;0,058076227
19.07.2007;0,297112433
20.07.2007;-0,12308585
23.07.2007;0,130321478
24.07.2007;0,086786727
25.07.2007;-0,652743832
26.07.2007;-0,15292193
27.07.2007;-0,518760525
30.07.2007;0,0585866
31.07.2007;0,350800623
01.08.2007;-0,321520189
02.08.2007;0,007318769
03.08.2007;0,219314365
06.08.2007;0,901430937
07.08.2007;-0,173837506
08.08.2007;
09.08.2007;-0,472333109
10.08.2007;-0,577086228
13.08.2007;0,007325739
14.08.2007;-0,440497005
15.08.2007;-0,849748343
16.08.2007;-0,528255386
17.08.2007;0,364868792
20.08.2007;0,163386594
21.08.2007;0,237177698
22.08.2007;-0,111107007
23.08.2007;0,598516583
24.08.2007;0,301592784
27.08.2007;0,315330441
28.08.2007;0,043920651
29.08.2007;-0,241802646
30.08.2007;-0,154179393
31.08.2007;0,695591309
03.09.2007;-0,534075967
04.09.2007;-0,382184796
05.09.2007;0,058892817
06.09.2007;0,594344487
07.09.2007;0,197332423
10.09.2007;0,720238827
11.09.2007;0,210000439
12.09.2007;0,44029087
13.09.2007;0,086386875
14.09.2007;-0,266599574
17.09.2007;0,122579963
18.09.2007;-0,072087662
19.09.2007;0,775810227
20.09.2007;0,392787507
21.09.2007;0,135332476
24.09.2007;0,454513956
25.09.2007;-0,049611965
26.09.2007;0,148762114
27.09.2007;0,374466117
28.09.2007;-0,007052435
01.10.2007;0,373095361
02.10.2007;-0,471881708
03.10.2007;0,211565664
04.10.2007;-0,607689829
05.10.2007;0,191184339
08.10.2007;-0,333038395
09.10.2007;-0,369765052
10.10.2007;0,773519806
11.10.2007;0,373964098
12.10.2007;-0,183279341
15.10.2007;0,373253013
16.10.2007;-0,535665222
17.10.2007;0,352734052
18.10.2007;0,694764014
19.10.2007;-0,076958062
22.10.2007;-0,85752968
23.10.2007;0,619284175
24.10.2007;-0,168515698
25.10.2007;0,553629782
26.10.2007;0,52277678
29.10.2007;0,048653346
30.10.2007;0,111118839
31.10.2007;0,277258097
01.11.2007;-0,166262595
02.11.2007;0,38751692
05.11.2007;0,062139678
06.11.2007;0,406406621
07.11.2007;1,195818685
08.11.2007;-0,381108396
09.11.2007;0,115847231
12.11.2007;-0,710822486
13.11.2007;0,191872875
14.11.2007;0,634662792
15.11.2007;-0,41582936
16.11.2007;0,081939233
19.11.2007;0,020474322
20.11.2007;0,889981757
21.11.2007;0,195952629
22.11.2007;0,10120434
23.11.2007;-0,134961894
26.11.2007;0,242800416
27.11.2007;0,195161407
28.11.2007;-0,857505001
29.11.2007;-0,061047992
30.11.2007;0,155937521
03.12.2007;-0,645667788
04.12.2007;0,510083739
05.12.2007;-0,142561376
06.12.2007;-1,134124338
07.12.2007;0,650620382
10.12.2007;0,469916076
11.12.2007;-0,313031899
12.12.2007;0,02044502
13.12.2007;0,054499627
14.12.2007;-1,192121545
17.12.2007;-0,802716925
18.12.2007;0,159672359
19.12.2007;-0,215270386
20.12.2007;-0,250574364
21.12.2007;0,215809893
24.12.2007;0,125095575
27.12.2007;0,81621813
28.12.2007;1,205163861
31.12.2007;0,197191782
02.01.2008;-0,22442119
03.01.2008;0,441561806
04.01.2008;-0,176390819
07.01.2008;-0,027164686
08.01.2008;-0,122332488
09.01.2008;-0,170154882
10.01.2008;-0,122691038
11.01.2008;0,882738128
14.01.2008;0,693909208
15.01.2008;-0,060441223
16.01.2008;-0,633467985
17.01.2008;-0,68514327
18.01.2008;-0,11578411
21.01.2008;-1,317072133
22.01.2008;0,082827172
23.01.2008;0,550434856
24.01.2008;0,608819475
25.01.2008;0,286025801
28.01.2008;0,339443639
29.01.2008;0,121918194
30.01.2008;0,250143794
31.01.2008;0,404313219
01.02.2008;0,12769248
04.02.2008;-0,403796228
05.02.2008;-0,955388911
06.02.2008;-0,457198244
07.02.2008;-0,356286776
08.02.2008;-0,385118418
11.02.2008;0,199621474
12.02.2008;-0,027510317
13.02.2008;0,32962535
14.02.2008;0,273860229
15.02.2008;0,327645344
18.02.2008;-0,259297313
19.02.2008;0,721631561
20.02.2008;-0,585075484
21.02.2008;0,544367158
22.02.2008;0,757169653
25.02.2008;-0,209000582
26.02.2008;0,383955205
27.02.2008;1,136451833
28.02.2008;0,510526552
29.02.2008;0,303750894
03.03.2008;0,237076173
04.03.2008;0,019731001
05.03.2008;-0,065785148
06.03.2008;0,806165271
07.03.2008;0,637690865
10.03.2008;-0,500700074
11.03.2008;0,253914652
12.03.2008;0,635210847
13.03.2008;0,644041641
14.03.2008;-0,102768331
17.03.2008;1,334161694
18.03.2008;0,006340953
19.03.2008;-0,502178216
20.03.2008;-1,729112661
25.03.2008;0,942185597
26.03.2008;0,901569456
27.03.2008;0,482601902
28.03.2008;0,063327214
31.03.2008;0,101240201
01.04.2008;-0,965945487
02.04.2008;-0,178959526
03.04.2008;-0,680405732
04.04.2008;1,254496739
07.04.2008;-0,184625231
08.04.2008;0,006372065
09.04.2008;0,203691986
10.04.2008;0,943015121
11.04.2008;-0,264917526
14.04.2008;0,227115106
15.04.2008;-0,258699706
16.04.2008;0,629804324
17.04.2008;-0,352201622
18.04.2008;-0,581323512
21.04.2008;0,744999973
22.04.2008;0,207358144
23.04.2008;0,056477677
24.04.2008;-1,078568594
25.04.2008;-1,10315163
28.04.2008;0,204970607
29.04.2008;-0,365396733
30.04.2008;-0,199286492
02.05.2008;-0,529067625
05.05.2008;0,012937447
06.05.2008;0,438880271
07.05.2008;-0,633117949
08.05.2008;-0,539365118
09.05.2008;0,720665349
12.05.2008;-0,181300231
13.05.2008;0,278290313
14.05.2008;-0,219979385
15.05.2008;0,226442047
16.05.2008;0,154978721
19.05.2008;0,5084484
20.05.2008;0,397232711
21.05.2008;0,726302887
22.05.2008;0,012695189
23.05.2008;-0,082547549
26.05.2008;0,120623447
27.05.2008;-0,006344976
28.05.2008;-0,662085434
29.05.2008;-0,672928485
30.05.2008;-0,276892543
02.06.2008;0,083792586
03.06.2008;0,462814993
04.06.2008;-0,817802942
05.06.2008;-0,414669507
06.06.2008;1,258121695
09.06.2008;1,191818065
10.06.2008;-1,648073074
11.06.2008;-0,070874008
12.06.2008;-0,633650122
13.06.2008;-0,526779093
16.06.2008;0,798835227
17.06.2008;0,116369292
18.06.2008;0,103325808
19.06.2008;-0,077484346
20.06.2008;0,829826897
23.06.2008;-0,571778886
24.06.2008;0,302357977
25.06.2008;0,198928419
26.06.2008;0,84264782
27.06.2008;0,108008524
30.06.2008;0,101548625
01.07.2008;0,069754909
02.07.2008;0,196320636
03.07.2008;0,498565294
04.07.2008;-1,356339718
07.07.2008;-0,127705783
08.07.2008;0,229753117
09.07.2008;0,178332638
10.07.2008;-0,044553353
11.07.2008;0,805254327
14.07.2008;0,075752797
15.07.2008;0,898331889
16.07.2008;-0,639941954
17.07.2008;-0,245770045
18.07.2008;-0,208432098
21.07.2008;0,265201898
22.07.2008;0,383925952
23.07.2008;-1,1244591
24.07.2008;-0,407410329
25.07.2008;0,362930582
28.07.2008;0,076238886
29.07.2008;-0,260723177
30.07.2008;-0,741359566
31.07.2008;0,141025664
01.08.2008;-0,237293682
04.08.2008;-0,051380862
05.08.2008;-0,50880862
06.08.2008;-0,058130149
07.08.2008;-0,045235711
08.08.2008;-2,599589832
11.08.2008;-0,412152415
12.08.2008;-0,701897998
13.08.2008;-0,026836632
14.08.2008;0,026836632
15.08.2008;-1,201256178
18.08.2008;-0,169877389
19.08.2008;-0,183792298
20.08.2008;0,387610563
21.08.2008;0,541493133
22.08.2008;-0,040510432
25.08.2008;-0,277261378
26.08.2008;-1,151042846
27.08.2008;1,151042846
28.08.2008;0,027083757
29.08.2008;-0,244018287
01.09.2008;-0,776676475
02.09.2008;-0,720736208
03.09.2008;-0,518010621
04.09.2008;0,324933744
05.09.2008;-1,677436235
08.09.2008;-0,231896383
09.09.2008;-0,493688851
10.09.2008;-0,354133099
11.09.2008;-1,14172783
12.09.2008;0,942864128
15.09.2008;0,602475508
16.09.2008;0,816388516
17.09.2008;-0,301849936
18.09.2008;1,935589218
19.09.2008;-1,85126033
22.09.2008;2,325928438
23.09.2008;1,09208648
24.09.2008;-0,278712665
25.09.2008;0,06805036
26.09.2008;-0,408998525
29.09.2008;-2,007725517
30.09.2008;-0,321094789
01.10.2008;-1,564293454
02.10.2008;-1,272172675
03.10.2008;-0,497531401
06.10.2008;-1,456265724
07.10.2008;-0,014670285
08.10.2008;0,723608025
09.10.2008;-0,357495
10.10.2008;-0,755661862
13.10.2008;0,440885423
14.10.2008;0,825093214
15.10.2008;-0,927792753
16.10.2008;-0,869827097
17.10.2008;-0,76548997
20.10.2008;0,149097985
21.10.2008;-1,804017656
22.10.2008;-2,620505734
23.10.2008;-0,257279992
24.10.2008;-1,684681267
27.10.2008;-1,085578988
28.10.2008;0,528297074
29.10.2008;1,929218594
30.10.2008;2,053937734
31.10.2008;-2,155790683
03.11.2008;0,508230501
04.11.2008;-0,015599407
05.11.2008;0,389257012
06.11.2008;-0,780035156
07.11.2008;-0,10969209
10.11.2008;1,052764431
11.11.2008;-1,123344366
12.11.2008;-1,717018089
13.11.2008;-0,039912194
14.11.2008;1,190490251
17.11.2008;-0,118413276
18.11.2008;-0,055307551
19.11.2008;-0,150274873
20.11.2008;-0,730858036
21.11.2008;0,47725194
24.11.2008;1,347803654
25.11.2008;0,297060881
26.11.2008;0,963263876
27.11.2008;-0,270950427
28.11.2008;-1,350159036
01.12.2008;-0,939418789
02.12.2008;0,703421197
03.12.2008;-0,584519832
04.12.2008;-0,023768966
05.12.2008;0,355942634
08.12.2008;1,48127635
09.12.2008;-0,124552406
10.12.2008;0,67538975
11.12.2008;2,218912766
12.12.2008;0,941449243
15.12.2008;1,266311148
16.12.2008;1,323548733
17.12.2008;2,65971208
18.12.2008;3,885405898
19.12.2008;-4,735441374
22.12.2008;0,214976794
23.12.2008;0,057249179
24.12.2008;0,192974366
29.12.2008;1,874502278
30.12.2008;-1,212648814
31.12.2008;-1,292182891
02.01.2009;-0,367131392
05.01.2009;-2,069441383
06.01.2009;-1,857822625
07.01.2009;1,953491764
08.01.2009;0,161693406
09.01.2009;0,490825497
12.01.2009;-2,142042163
13.01.2009;-0,990404254
14.01.2009;-0,67335227
15.01.2009;-0,670274427
16.01.2009;1,403931236
19.01.2009;-0,665358571
20.01.2009;-1,930206985
21.01.2009;-0,154798793
22.01.2009;0,571562535
23.01.2009;-1,46633606
26.01.2009;1,512536107
27.01.2009;1,406535954
28.01.2009;0,650679454
29.01.2009;-1,130041224
30.01.2009;-2,275718219
02.02.2009;-0,437911241
03.02.2009;0,695070938
04.02.2009;-0,241555422
05.02.2009;0,085780019
06.02.2009;-0,257561118
09.02.2009;1,643193072
10.02.2009;-0,315688424
11.02.2009;-0,223895094
12.02.2009;-0,814873936
13.02.2009;-0,077954479
16.02.2009;-0,453338278
17.02.2009;-1,031545822
18.02.2009;-0,301228924
19.02.2009;0,861631353
20.02.2009;-0,901334375
23.02.2009;1,63066357
24.02.2009;-0,273854872
25.02.2009;0,250410961
26.02.2009;-0,101653838
27.02.2009;-1,085513687
02.03.2009;-0,380349111
03.03.2009;0,150727885
04.03.2009;-0,476758948
05.03.2009;
06.03.2009;0,817043374
09.03.2009;-0,737425536
10.03.2009;1,720099219
11.03.2009;0,023465916
12.03.2009;-0,031289112
13.03.2009;0,957690194
16.03.2009;1,05600858
17.03.2009;-0,769708234
18.03.2009;1,442185168
19.03.2009;4,037711264
20.03.2009;-0,896405709
23.03.2009;0,066403514
24.03.2009;-0,376870943
25.03.2009;-0,096292737
26.03.2009;0,8339224
27.03.2009;-2,319634151
30.03.2009;-0,770163879
31.03.2009;0,867897225
01.04.2009;-0,466973809
02.04.2009;1,096189368
03.04.2009;0,246112665
06.04.2009;0,527470485
07.04.2009;-1,80185055
08.04.2009;-0,181227868
09.04.2009;0,316933558
14.04.2009;0,022599721
15.04.2009;-0,778861361
16.04.2009;0,174447312
17.04.2009;-1,05127806
20.04.2009;-0,707042601
21.04.2009;-0,262568689
22.04.2009;0,115924121
23.04.2009;0,792403269
24.04.2009;1,385000451
27.04.2009;-0,81193298
28.04.2009;-1,018502506
29.04.2009;2,087058768
30.04.2009;0,067819602
04.05.2009;-0,392482955
05.05.2009;1,352082492
06.05.2009;-0,606175851
07.05.2009;0,307288981
08.05.2009;0,46289466
11.05.2009;1,103755789
12.05.2009;0,799798812
13.05.2009;-0,439464561
14.05.2009;-0,44140438
15.05.2009;-0,33233663
18.05.2009;-0,177698847
19.05.2009;0,870661443
20.05.2009;0,571388266
21.05.2009;0,589929244
22.05.2009;1,44903952
25.05.2009;0,27160334
26.05.2009;-0,73071462
27.05.2009;-0,050343415
28.05.2009;-0,324242817
29.05.2009;1,731459153
01.06.2009;0,861648102
02.06.2009;0,126502231
03.06.2009;-0,217964579
04.06.2009;-0,791467632
05.06.2009;0,580080857
08.06.2009;-2,218113262
09.06.2009;0,668466101
10.06.2009;1,019216977
11.06.2009;-0,947604255
12.06.2009;0,250241435
15.06.2009;-1,105777046
16.06.2009;0,288392413
17.06.2009;-0,360620658
18.06.2009;0,576370472
19.06.2009;0,08616976
22.06.2009;-0,53256693
23.06.2009;0,862198185
24.06.2009;0,364195068
25.06.2009;-0,63642104
26.06.2009;1,112866386
29.06.2009;-0,269944044
30.06.2009;0,539161351
01.07.2009;-0,269217307
02.07.2009;-0,333985032
03.07.2009;-0,285123866
06.07.2009;-0,802699071
07.07.2009;0,874056288
08.07.2009;-0,845277239
09.07.2009;0,638200868
10.07.2009;-0,638200868
13.07.2009;0,530923905
14.07.2009;0,114424671
15.07.2009;0,698008532
16.07.2009;0,290584563
17.07.2009;-0,283487079
20.07.2009;0,897310574
21.07.2009;0,042194093
22.07.2009;-0,225241174
23.07.2009;0,267417471
24.07.2009;-0,014056789
27.07.2009;0,294778428
28.07.2009;-0,280721638
29.07.2009;-0,882369047
30.07.2009;-0,362254898
31.07.2009;0,603031163
03.08.2009;1,160309772
04.08.2009;0,564717226
05.08.2009;0,180593228
06.08.2009;-0,277970992
07.08.2009;-0,090507195
10.08.2009;-1,085482839
11.08.2009;-0,253807243
12.08.2009;0,028232637
13.08.2009;0,864285322
14.08.2009;0,006996187
17.08.2009;-1,565286136
18.08.2009;0,205870942
19.08.2009;0,077978241
20.08.2009;0,924005869
21.08.2009;0,608968389
24.08.2009;-0,048860504
25.08.2009;0,006981534
26.08.2009;-0,377702065
27.08.2009;-0,014016399
28.08.2009;0,670580887
31.08.2009;-0,642550053
01.09.2009;0,293850348
02.09.2009;-0,658865494
03.09.2009;0,805467496
04.09.2009;-0,510544173
07.09.2009;0,475658423
08.09.2009;0,992960282
09.09.2009;0,33798963
10.09.2009;0,158255099
11.09.2009;0,33631934
14.09.2009;-0,226376361
15.09.2009;0,342794796
16.09.2009;0,409808647
17.09.2009;0,279073114
18.09.2009;-0,04759153
21.09.2009;-0,32013105
22.09.2009;0,828865402
23.09.2009;0,02029564
24.09.2009;-0,101519416
25.09.2009;-0,665808561
28.09.2009;-0,136425669
29.09.2009;-0,691807273
30.09.2009;0,644014284
01.10.2009;-0,712771162
02.10.2009;-0,013757051
05.10.2009;0,541969563
06.10.2009;0,722615456
07.10.2009;-0,190372644
08.10.2009;0,468480335
09.10.2009;-0,088096777
12.10.2009;0,101643241
13.10.2009;0,668266688
14.10.2009;0,114304938
15.10.2009;-0,114304938
16.10.2009;0,033632664
19.10.2009;0,329002882
20.10.2009;0,354645893
21.10.2009;-0,334537981
22.10.2009;0,528058444
23.10.2009;0,133244523
26.10.2009;-0,006658011
27.10.2009;-0,970134394
28.10.2009;-0,600156898
29.10.2009;0,020288777
30.10.2009;0,08111397
02.11.2009;-0,189368378
03.11.2009;-0,774723549
04.11.2009;0,700230605
05.11.2009;0,715542408
06.11.2009;-0,03363719
09.11.2009;0,817534541
10.11.2009;-0,120200348
11.11.2009;0,473286888
12.11.2009;-0,767719649
13.11.2009;-0,362538161
16.11.2009;0,650288887
17.11.2009;-0,603218987
18.11.2009;0,549746625
19.11.2009;-0,630451451
20.11.2009;-0,323472214
23.11.2009;1,027440795
24.11.2009;0,006680696
25.11.2009;0,758688585
26.11.2009;-0,079591435
27.11.2009;-1,02038299
30.11.2009;0,701382255
01.12.2009;0,338904534
02.12.2009;0,106086736
03.12.2009;0,198609797
04.12.2009;-0,344508092
07.12.2009;-1,882487344
08.12.2009;-0,087953728
09.12.2009;-0,040620135
10.12.2009;-0,257644729
11.12.2009;0,183131601
14.12.2009;-0,748201015
15.12.2009;-0,72632908
16.12.2009;0,130579724
17.12.2009;-1,501602446
18.12.2009;-0,041841005
21.12.2009;0,21599033
22.12.2009;-0,621358511
23.12.2009;-0,021012082
24.12.2009;0,850950242
28.12.2009;0,048606049
29.12.2009;0,194188285
30.12.2009;-0,660389595
31.12.2009;0,473143104
04.01.2010;-0,118076069
05.01.2010;0,367660225
06.01.2010;-0,639068582
07.01.2010;-0,321072377
08.01.2010;-0,216957778
11.01.2010;1,770818121
12.01.2010;-0,324037651
13.01.2010;0,564662015
14.01.2010;-0,530139973
15.01.2010;-0,776164673
18.01.2010;-0,03479108
19.01.2010;-0,62831818
20.01.2010;-1,034819695
21.01.2010;-0,482338855
22.01.2010;0,50356502
25.01.2010;0,113130182
26.01.2010;-0,467489164
27.01.2010;-0,092339389
28.01.2010;-0,520110894
29.01.2010;-0,236009407
01.02.2010;-0,380214956
02.02.2010;0,172351928
03.02.2010;0,336664478
04.02.2010;-0,984521624
05.02.2010;-1,132992002
08.02.2010;-0,116933434
09.02.2010;0,61964842
10.02.2010;-0,145454571
11.02.2010;-0,160244772
12.02.2010;-1,069999216
15.02.2010;0,257551929
16.02.2010;0,308189267
17.02.2010;0,562558561
18.02.2010;-1,165147098
19.02.2010;-0,354427012
22.02.2010;0,788362897
23.02.2010;-0,360254773
24.02.2010;-0,221206402
25.02.2010;-0,429058211
26.02.2010;0,598693536
01.03.2010;-0,332164911
02.03.2010;0,169911022
03.03.2010;0,684102856
04.03.2010;0,197737074
05.03.2010;-0,631194756
08.03.2010;0,587286962
09.03.2010;-0,771523721
10.03.2010;0,390179757
11.03.2010;0,344739403
12.03.2010;0,78769279
15.03.2010;-0,436840884
16.03.2010;0,131252753
17.03.2010;0,240183528
18.03.2010;-0,700323843
19.03.2010;-0,823291919
22.03.2010;-0,569970824
23.03.2010;0,355687667
24.03.2010;-1,347899917
25.03.2010;0,134861787
26.03.2010;-0,022464338
29.03.2010;0,879814801
30.03.2010;0,081623571
31.03.2010;-0,022254368
01.04.2010;-0,081641746
06.04.2010;-0,536034637
07.04.2010;-0,418911444
08.04.2010;-0,330380237
09.04.2010;0,659672557
12.04.2010;1,490627919
13.04.2010;-0,014723204
14.04.2010;0,235311529
15.04.2010;-0,522848129
16.04.2010;-0,066472176
19.04.2010;-0,763900329
20.04.2010;0,401219054
21.04.2010;-0,841436142
22.04.2010;-0,254567373
23.04.2010;-0,210131409
26.04.2010;0,07509763
27.04.2010;-0,232986464
28.04.2010;-0,339175
29.04.2010;0,08301574
30.04.2010;0,444093914
03.05.2010;-0,579973757
04.05.2010;-1,131929889
05.05.2010;-1,268613485
06.05.2010;-1,536032695
07.05.2010;0,149177588
10.05.2010;1,734439746
11.05.2010;-2,111739361
12.05.2010;-0,094547754
13.05.2010;-0,78344879
14.05.2010;-0,757609589
17.05.2010;-1,151335129
18.05.2010;0,63769034
19.05.2010;-1,279473281
20.05.2010;0,520241785
21.05.2010;1,312893893
24.05.2010;-1,102316347
25.05.2010;-1,114602923
26.05.2010;0,701127933
27.05.2010;-0,439668515
28.05.2010;1,047129987
31.05.2010;-0,623711066
01.06.2010;-1,242759842
02.06.2010;0,516966646
03.06.2010;0,408397202
04.06.2010;-1,710005495
07.06.2010;-0,841005831
08.06.2010;-0,142253486
09.06.2010;0,567803797
10.06.2010;0,290999997
11.06.2010;0,678473561
14.06.2010;1,000992933
15.06.2010;0,073448406
16.06.2010;0,154880814
17.06.2010;0,698054783
18.06.2010;0,07277138
21.06.2010;0,153454781
22.06.2010;-1,079161757
23.06.2010;0,105996993
24.06.2010;-0,073370565
25.06.2010;0,260628914
28.06.2010;0,365363943
29.06.2010;-1,149297404
30.06.2010;0,596675112
01.07.2010;0,463434302
02.07.2010;1,768819231
05.07.2010;-0,135571615
06.07.2010;0,382318267
07.07.2010;-0,095442622
08.07.2010;0,737308608
09.07.2010;-0,181839794
12.07.2010;-0,515689984
13.07.2010;-0,023865399
14.07.2010;1,06047211
15.07.2010;0,979209579
16.07.2010;1,331907563
19.07.2010;-0,331317481
20.07.2010;-0,875940642
21.07.2010;-0,210436148
22.07.2010;0,257139659
23.07.2010;0,365091484
26.07.2010;0,263280313
27.07.2010;0,785707323
28.07.2010;-0,315081913
29.07.2010;0,59092302
30.07.2010;-0,31421262
02.08.2010;0,344814717
03.08.2010;1,125743995
04.08.2010;-0,113520276
05.08.2010;-0,166729861
06.08.2010;-0,060698029
09.08.2010;0,582694902
10.08.2010;-0,90957953
11.08.2010;-0,894877669
12.08.2010;-1,751575433
13.08.2010;0,070342728
16.08.2010;0,163940862
17.08.2010;0,311526732
18.08.2010;0,155400187
19.08.2010;-0,342199743
20.08.2010;-0,978596294
23.08.2010;-0,055085581
24.08.2010;-0,734745553
25.08.2010;0,015857913
26.08.2010;0,63226323
27.08.2010;0,157443156
30.08.2010;-0,10230985
31.08.2010;-0,157604446
01.09.2010;0,941922192
02.09.2010;0,140526216
03.09.2010;0,124746625
06.09.2010;0,31118743
07.09.2010;-1,014920102
08.09.2010;-0,369482752
09.09.2010;0,141665379
10.09.2010;0,078616356
13.09.2010;0,595473044
14.09.2010;0,382051847
15.09.2010;1,075903408
16.09.2010;0,682858371
17.09.2010;-0,137730529
20.09.2010;0,107140134
21.09.2010;0,351225833
22.09.2010;1,842674098
23.09.2010;-0,307265952
24.09.2010;0,665796363
27.09.2010;0,483470018
28.09.2010;-0,126220457
29.09.2010;1,115596513
30.09.2010;0,27147014
01.10.2010;0,569885374
04.10.2010;-0,153111473
05.10.2010;0,545753583
06.10.2010;0,550008623
07.10.2010;0,819382145
08.10.2010;-0,689558831
11.10.2010;0,445883515
12.10.2010;-0,741837822
13.10.2010;0,89957787
14.10.2010;1,019289626
15.10.2010;-0,085136578
18.10.2010;-1,379332213
19.10.2010;-0,266618785
20.10.2010;0,014430014
21.10.2010;1,112039296
22.10.2010;-0,586763759
25.10.2010;0,69372708
26.10.2010;-0,851739036
27.10.2010;-0,786581721
28.10.2010;0,390456028
29.10.2010;
01.11.2010;0,49670764
02.11.2010;0,658462156
03.11.2010;-0,028538813
04.11.2010;1,627893547
05.11.2010;-1,129636412
08.11.2010;-1,192828686
09.11.2010;0,200990664
10.11.2010;-1,262870834
11.11.2010;-0,509647991
12.11.2010;0,080259754
15.11.2010;-0,621869802
16.11.2010;-0,102797571
17.11.2010;-0,967046993
18.11.2010;1,223843055
19.11.2010;0,197650224
22.11.2010;-0,197650224
23.11.2010;-1,112637201
24.11.2010;-1,170127008
25.11.2010;-0,135033779
26.11.2010;-0,723275962
29.11.2010;-0,59914479
30.11.2010;-1,132203037
01.12.2010;0,896111385
02.12.2010;0,304530117
03.12.2010;0,689370557
06.12.2010;0,256352399
07.12.2010;0,623054975
08.12.2010;-1,227286421
09.12.2010;0,106004402
10.12.2010;0,226774608
13.12.2010;0,173512925
14.12.2010;1,258349313
15.12.2010;-0,559807396
16.12.2010;-0,917368641
17.12.2010;0,166050306
20.12.2010;-0,855838904
21.12.2010;0,060831878
22.12.2010;-0,327407305
23.12.2010;-0,366748577
24.12.2010;0,267553575
27.12.2010;0,282066129
28.12.2010;0,448141725
29.12.2010;-0,448141725
30.12.2010;1,090259134
31.12.2010;0,615571345
03.01.2011;-0,104829661
04.01.2011;0,545408353
05.01.2011;-1,561945098
06.01.2011;-0,927622223
07.01.2011;-0,998012276
10.01.2011;-0,448500597
11.01.2011;0,348149359
12.01.2011;0,192893852
13.01.2011;1,727079456
14.01.2011;1,130040653
17.01.2011;-0,285071461
18.01.2011;0,449742157
19.01.2011;1,004584852
20.01.2011;-0,252057365
21.01.2011;0,363057488
24.01.2011;0,369113072
25.01.2011;0,184046873
26.01.2011;0,62323771
27.01.2011;0,255502566
28.01.2011;-0,043754103
31.01.2011;-0,131377291
01.02.2011;0,459067371
02.02.2011;0,348356546
03.02.2011;-0,421083822
04.02.2011;-0,832851103
07.02.2011;-0,573868555
08.02.2011;0,603209126
09.02.2011;0,087970096
10.02.2011;-0,315585011
11.02.2011;-0,58979823
14.02.2011;-0,623054975
15.02.2011;0,519481688
16.02.2011;
17.02.2011;0,369413054
18.02.2011;0,492883626
