month;constrrf;durblrf;foodrf;hml;jan;rf;rmrf;smb
196001;-6,82;0,96;-4,61;2,69;1;0,33;-6,97;2,04
196002;2,63;3,64;2,79;-1,98;0;0,29;1,13;0,56
196003;-0,33;-2,25;-1,8;-2,91;0;0,35;-1,63;-0,43
196004;-1,99;2,56;0,84;-2,39;0;0,19;-1,72;0,43
196005;3,75;6,79;7,38;-3,79;0;0,27;3,13;1,34
196006;2,06;-1,29;4,96;-0,33;0;0,24;2,06;-0,16
196007;-4,65;-5,63;-2;2,14;0;0,13;-2,4;-0,5
196008;-0,16;4,29;4,46;-0,39;0;0,17;3,06;0,9
196009;-4,69;-4,13;-3,97;1,48;0;0,16;-6,02;-1,12
196010;-1,46;1,39;0,99;2,59;0;0,22;-0,7;-3,92
196011;6,55;11,32;9,22;-2,49;0;0,13;4,72;0,38
196012;3,58;7,01;4,12;-0,66;0;0,16;4,69;-1,51
196101;5,94;0,03;4,74;3,75;1;0,19;6,2;0,84
196102;4,24;18,75;4,52;-0,86;0;0,14;3,56;3,98
196103;2,14;3,8;4,47;-0,7;0;0,2;2,86;3,24
196104;-4,18;-2,47;-1,17;1,89;0;0,17;0,4;0,13
196105;2,68;-1,45;4,29;0,52;0;0,18;2,4;1,97
196106;-3,21;-6,82;-2,24;-0,29;0;0,2;-3,05;-2,47
196107;-0,31;-0,83;2,58;-0,15;0;0,18;2,81;-1,9
196108;0,59;2,08;4,78;-0,24;0;0,14;2,55;-1,84
196109;-2,83;1,9;-0,69;-0,49;0;0,17;-2,17;-1,12
196110;1,28;-2,82;3,38;0,46;0;0,19;2,55;-2,02
196111;5,95;2,03;5,22;-0,92;0;0,15;4,39;1,07
196112;0,4;-0,08;-3,32;2,21;0;0,19;-0,12;-1,13
196201;-5,16;-9,9;-6,43;5,03;1;0,24;-3,86;1,88
196202;0,68;-0,17;-0,21;0,88;0;0,2;1,75;-1,18
196203;-1,24;-2,22;0,88;-0,98;0;0,2;-0,67;0,23
196204;-7,28;-8,25;-4,51;0,41;0;0,22;-6,57;-0,97
196205;-8,6;-8,97;-11,08;2,3;0;0,24;-8,71;-3
196206;-11,01;-11,3;-8,55;2,88;0;0,2;-8,46;-0,74
196207;4,24;1,06;6,56;-3,64;0;0,27;6,28;1,58
196208;1,99;1,92;0,19;-1,19;0;0,23;2,11;1,29
196209;-6,84;-8,02;-5,01;1,46;0;0,21;-5,23;-2,56
196210;-2,56;-2,85;-2,95;1,23;0;0,26;-0,04;-3,99
196211;12,74;15,93;11,98;0,99;0;0,2;10,81;2,66
196212;-2,61;2,29;2,57;0,31;0;0,23;0,96;-3,8
196301;4,77;7,43;6,17;2,29;1;0,25;4,93;3,11
196302;-0,65;-5,34;-3,15;2,26;0;0,23;-2,42;0,38
196303;3,44;2,25;1,73;2,14;0;0,23;3,06;-2,55
196304;2,68;5,37;0,83;1,1;0;0,25;4,49;-1,33
196305;0,48;3,08;3,04;2,77;0;0,24;1,77;1,09
196306;-1,33;-0,1;-0,79;0,79;0;0,23;-2,03;-0,26
196307;-0,58;-0,5;-0,43;-0,96;0;0,27;-0,44;-0,5
196308;5,65;5,07;4,33;1,79;0;0,25;5,02;-1,04
196309;-2,2;-1,72;-1,47;0,18;0;0,27;-1,46;-0,33
196310;-1,4;5,81;1,78;-0,03;0;0,29;2,48;-0,55
196311;-1,67;-0,41;-0,75;1,65;0;0,27;-0,82;-1,11
196312;-0,29;4,26;2,52;0,01;0;0,29;1,88;-1,99
196401;2,25;-0,12;0,82;1,54;1;0,3;2,28;-0,17
196402;4,27;1,1;1,05;2,84;0;0,26;1,46;0,08
196403;4,65;2,44;2,07;3,43;0;0,31;1,45;0,95
196404;-1,36;-2,35;-1,39;-0,52;0;0,29;0,17;-1,37
196405;0,17;1,91;1,39;1,91;0;0,26;1,48;-0,89
196406;0,7;-0,68;1,9;0,74;0;0,3;1,21;-0,3
196407;0,58;0,12;1,3;0,79;0;0,3;1,71;0,18
196408;-1,66;-2,04;-1,61;0,13;0;0,28;-1,41;0,11
196409;0,58;7,25;1,67;1,75;0;0,28;2,77;-0,58
196410;1,27;-1,37;-1,26;1,07;0;0,29;0,6;0,47
196411;-1,07;1,39;0,78;-1,9;0;0,29;0,02;0,65
196412;-1,74;0,12;0,79;-2,55;0;0,31;0,06;-0,32
196501;5,1;8,01;5,16;0,13;1;0,28;3,58;2,68
196502;3,57;3,08;1,07;0,27;0;0,3;0,39;3,43
196503;-0,43;-1,36;-1,69;1,03;0;0,36;-1,33;1,82
196504;1,47;6,82;2,73;0,72;0;0,31;3,06;1,13
196505;-1,52;0,05;-1,17;-1,62;0;0,31;-0,75;0,07
196506;-7,35;-5,86;-4,7;0,58;0;0,35;-5,54;-4,35
196507;0,54;5,49;0,73;2,24;0;0,31;1,37;0,84
196508;2,22;7,84;1,65;-1,04;0;0,33;2,76;2,86
196509;1,49;7,64;-0,1;-0,08;0;0,31;2,89;0,6
196510;2,93;5,05;0,8;1,59;0;0,31;2,62;2,45
196511;0,68;1,48;-0,05;0,31;0;0,35;-0,04;4,66
196512;1,41;4,87;0,84;1,98;0;0,33;1,02;2,09
196601;4,07;2,61;-0,05;3,52;1;0,38;0,83;3,85
196602;-1,42;0,27;-1,39;0,43;0;0,35;-1,21;4,44
196603;-3,52;2,63;-2,9;-2,05;0;0,38;-2,47;0,98
196604;-0,73;6,31;-0,87;-0,44;0;0,34;2,14;3,42
196605;-6,46;-8,49;-4,36;-1,62;0;0,41;-5,66;-4,65
196606;-2,28;-0,29;-2,83;0,59;0;0,38;-1,41;1,05
196607;-1,68;-3,85;-1,1;0,85;0;0,35;-1,64;-0,37
196608;-10,34;-9,91;-6,57;0,54;0;0,41;-7,95;-3,32
196609;-2,47;-5,46;-1,66;0,44;0;0,4;-1,1;-1,08
196610;0,89;2,06;7,38;2,83;0;0,45;3,78;-6,59
196611;3,3;6,49;2,39;-4,68;0;0,4;1,35;4,45
196612;2,53;-2,05;-0,6;-1,41;0;0,4;0,22;1,96
196701;15,01;7,51;6,26;2,03;1;0,43;8,12;8,42
196702;1,17;3,7;1,46;-2,2;0;0,36;0,73;3,34
196703;8,18;2;3,61;0,34;0;0,39;3,95;1,61
196704;2,86;5,3;4,03;-2,55;0;0,32;3,84;0,57
196705;-4,54;-7,11;-2,28;0,93;0;0,33;-4,26;1,92
196706;4,1;2,06;3,69;0,92;0;0,27;2,42;5,98
196707;6,63;5,78;5,21;2,62;0;0,32;4,6;3,13
196708;2,44;-0,48;-1,76;1,48;0;0,31;-0,94;0,45
196709;3,34;3,85;1,91;-2,45;0;0,32;3,11;3,07
196710;-5,66;-0,81;-3,74;-3,43;0;0,39;-3,13;1,48
196711;-2,06;1,79;0,24;-1,69;0;0,36;0,43;0,17
196712;6,25;0,71;2,16;-0,31;0;0,33;3,04;5,65
196801;-0,71;-9,8;-1,41;4,69;1;0,4;-4,03;3,96
196802;-4,29;-3,75;-2,63;1,19;0;0,39;-3,75;-2,94
196803;-0,42;2,87;0,18;-0,56;0;0,38;0,13;-1,3
196804;14,49;11,67;9,63;-0,99;0;0,43;8,98;5,64
196805;5,29;3,09;4,68;0,92;0;0,45;2,25;6,39
196806;-1,91;-3,45;0,76;0,68;0;0,43;0,72;-0,17
196807;-0,25;-5,79;-4,24;5,48;0;0,48;-2,68;-1,38
196808;7,26;2,33;2,31;0,99;0;0,42;1,38;2,33
196809;4,55;2,77;3,59;0,34;0;0,43;4,02;2,74
196810;-1,75;0,42;-0,07;2,89;0;0,44;0,46;-0,47
196811;5,7;6,02;5,08;-0,81;0;0,42;5,43;2,31
196812;-2,06;-6,33;-1,93;-0,03;0;0,43;-3,82;3,44
196901;-1,91;-0,93;-1,21;1,73;1;0,53;-1,2;-0,8
196902;-6,45;-5,98;-6,02;0,86;0;0,46;-5,82;-3,86
196903;3,52;1,89;0,66;-0,42;0;0,46;2,59;-0,3
196904;1,21;4,02;1,5;0,06;0;0,53;1,52;-0,85
196905;-0,37;-1,36;1,32;0,64;0;0,48;0,02;-0,21
196906;-12,31;-3,08;-6,82;-1,13;0;0,51;-7,25;-5,33
196907;-7,78;-4,86;-6,11;1,34;0;0,53;-7,05;-3,24
196908;7,84;3,69;4,47;-3,81;0;0,5;4,65;0,89
196909;-4,88;-0,83;0,22;-3,2;0;0,62;-2,88;1,18
196910;7,29;5,25;7,53;-3,15;0;0,6;4,96;3,75
196911;-4,37;-3,71;-2,57;-1,15;0;0,52;-3,74;-2,57
196912;-4,98;-0,77;-1,15;-3;0;0,64;-2,61;-3,64
197001;-10,1;-8,23;-3,2;3,04;1;0,6;-7,93;2,93
197002;7,73;-0,9;4,97;3,94;0;0,62;5,05;-2,45
197003;-2,05;-1,06;-1,46;4,19;0;0,57;-1,04;-2,4
197004;-11,45;-9,39;-10,52;6,32;0;0,5;-11,03;-6,13
197005;-9,62;-10,36;-7,64;3,51;0;0,53;-6,96;-4,51
197006;-7,13;-6,12;-1,49;0,81;0;0,58;-5,69;-2,15
197007;9,67;5,4;5,15;0,97;0;0,52;6,9;-0,56
197008;3,47;5,37;-1,05;1,07;0;0,53;4,47;1,47
197009;7,01;5,79;4,39;-5,49;0;0,54;4,21;8,57
197010;-4,77;-2,09;0,37;0,23;0;0,46;-2,28;-4,16
197011;0,49;4,49;4,53;1,71;0;0,46;4,58;-4,07
197012;8,72;5,49;5,67;1,05;0;0,42;5,65;2,89
197101;6,2;5,85;2,66;1,38;1;0,38;4,82;7,43
197102;0,4;2;1,87;-1,32;0;0,33;1,36;1,85
197103;0,36;6,5;3,61;-3,95;0;0,3;4,18;2,63
197104;3,74;4,84;1,37;0,86;0;0,28;3,05;-0,48
197105;-5,21;-1,06;-1,86;-1,34;0;0,29;-3,93;-1,09
197106;-3,25;1,78;0,67;-2,07;0;0,37;-0,06;-1,37
197107;-4,22;-7,21;-1,48;0,09;0;0,4;-4,43;-1,46
197108;5,93;7,8;1,58;2,72;0;0,47;3,78;-0,21
197109;1,52;0,79;0,05;-2,95;0;0,37;-0,87;0,44
197110;-6,59;-5,04;-3,14;-0,45;0;0,37;-4,44;-1,75
197111;-4,48;1,73;0,12;-1,73;0;0,37;-0,5;-2,84
197112;8,1;8,56;9,18;-0,24;0;0,37;8,76;3,37
197201;1,34;3,44;0,4;2,08;1;0,29;2,55;6,12
197202;3,12;5,83;3,87;-2,81;0;0,25;2,88;1,35
197203;0,46;4,04;-0,49;-1,68;0;0,27;0,6;-0,28
197204;1,75;1,78;1,91;0,22;0;0,29;0,26;-0,01
197205;-3,53;3,44;0,46;-2,63;0;0,3;1,34;-2,77
197206;-3,59;-1,01;-0,93;-2,5;0;0,29;-2,38;0,38
197207;-3,19;-0,69;0,37;0,82;0;0,31;-0,74;-2,89
197208;0,58;-2,06;1,21;4,58;0;0,29;3,31;-4,02
197209;-3,41;1,31;-1,5;0,44;0;0,34;-1,11;-2,65
197210;-0,97;0,04;0,75;1,25;0;0,4;0,47;-2,66
197211;7,54;0,25;5,27;4,87;0;0,37;4,61;-1,12
197212;-2,37;3,61;1,39;-2,34;0;0,37;0,75;-1,84
197301;-8;-6,37;-3,65;2,71;1;0,44;-3,19;-3,45
197302;-8,49;-1,77;-3,59;1,76;0;0,41;-4,85;-3,97
197303;-2,59;-2,1;-1,47;2,69;0;0,46;-1,25;-2,87
197304;-5,46;-7,43;-4,67;5,57;0;0,52;-5,7;-3,99
197305;-5,47;-0,28;-1,44;0,18;0;0,51;-2,96;-6,03
197306;-3,18;0,52;-3,62;1,36;0;0,51;-1,37;-2,95
197307;13,35;4,28;5,23;-5,23;0;0,64;5,06;7,89
197308;-2,88;-4,17;-2,7;1,23;0;0,7;-3,66;-2,1
197309;8,8;-0,58;5,31;2,07;0;0,68;4,71;2,95
197310;-1,13;-1,26;-2,42;1,79;0;0,65;-0,69;-0,2
197311;-19,76;-13,7;-13,15;3,95;0;0,56;-12,63;-7,71
197312;0,19;-1,79;-1,43;4,21;0;0,64;0,5;-5,35
197401;5,61;-2,41;0,92;5,79;1;0,63;-0,19;9,83
197402;3,25;-3,87;-0,46;2,53;0;0,58;-0,34;-0,05
197403;-1,22;-1,03;-2,95;-0,07;0;0,56;-2,9;2,41
197404;-5,19;-6,27;-4,14;0,96;0;0,75;-5,35;-0,8
197405;-7,5;-0,57;-4,69;-1,97;0;0,75;-4,95;-2,98
197406;-5,28;-2,42;-1,05;0,85;0;0,6;-2,89;-0,17
197407;-6,17;-14,46;-12,89;5,26;0;0,7;-7,79;0,79
197408;-10,06;-11,17;-12,77;2,53;0;0,6;-9,38;-0,67
197409;-11,48;-19,05;-14,27;5,54;0;0,81;-11,78;0,3
197410;14,06;12,71;18,37;-9,78;0;0,51;16,05;-3,43
197411;-6,07;-7,79;-4,04;-0,21;0;0,54;-4,64;-1,15
197412;-6,1;-8,26;-1,09;0,18;0;0,7;-3,4;-4,9
197501;25,52;19,68;19,52;8,17;1;0,58;13,58;10,95
197502;2,92;12,71;5,01;-4,53;0;0,43;5,41;0,18
197503;8,04;4,46;5,15;2,52;0;0,41;2,61;3,72
197504;2,91;8,04;0,56;-1,21;0;0,44;4,21;-0,52
197505;4,91;0,31;6,04;-4,25;0;0,44;5,07;3,92
197506;5,15;3,41;4,46;1,32;0;0,41;4,74;0,75
197507;-6,21;-8,3;-5,8;1,67;0;0,48;-6,52;2,66
197508;-1,87;-4,03;-2,86;-0,84;0;0,48;-2,84;-3,22
197509;-7,07;-4,69;-3,71;0,45;0;0,53;-4,33;-0,08
197510;3,59;8,22;11,21;0,37;0;0,56;5,03;-4,02
197511;2,84;2,81;2,81;2,06;0;0,41;2,71;-1,2
197512;0,24;-2,68;-2,45;1,75;0;0,48;-1,58;-0,77
197601;17,39;14,44;8,43;8,59;1;0,47;12,13;4,76
197602;5,71;-0,72;-3,37;5,83;0;0,34;0,39;7
197603;2,41;1,45;0,26;-0,12;0;0,4;2,28;-1,17
197604;-0,42;-5,33;-1,71;0,01;0;0,42;-1,46;-0,04
197605;-4,35;-3,53;-1,33;-1,31;0;0,37;-1,31;-1,23
197606;3,39;4,8;5,03;0,79;0;0,43;4,02;-1,34
197607;-2,52;-3,65;1,3;1,74;0;0,47;-1,09;0,29
197608;-1,54;-1,59;-0,87;0,79;0;0,42;-0,56;-1,98
197609;2,44;-1,18;-0,28;-0,32;0;0,44;2,01;0,02
197610;-0,22;-3,28;-2,69;-0,12;0;0,41;-2,45;0,17
197611;3,16;-1,85;-0,03;1,48;0;0,4;0,14;2,35
197612;7,72;4,33;4,22;2,27;0;0,4;5,76;2,99
197701;-5,18;-8,33;-5,37;4,29;1;0,36;-3,99;4,82
197702;-2;-2,93;-0,99;0,46;0;0,35;-1,93;1,06
197703;-0,32;-4,25;-1,57;1,04;0;0,38;-1,3;1,02
197704;1,93;-1,41;-0,57;3,43;0;0,38;0,12;-0,1
197705;-3,3;-4,09;-1,25;0,9;0;0,37;-1,45;1,25
197706;3,88;4,64;3,67;-0,66;0;0,4;4,74;2,16
197707;-3,74;-2,65;1,45;-0,54;0;0,42;-1,7;2,13
197708;-2,37;0,89;-0,49;-2,76;0;0,44;-1,78;1,56
197709;-1,65;-1,37;0,22;-0,52;0;0,43;-0,27;1,46
197710;-2,62;-8,02;-4,96;1,77;0;0,49;-4,42;1,27
197711;7,2;1,22;3,11;0,31;0;0,5;4,04;3,71
197712;-0,09;-0,98;-0,71;-0,32;0;0,49;0,33;1,36
197801;-6,76;-7,63;-5,26;3,3;1;0,49;-6,01;2,2
197802;-0,41;-3,63;-0,36;0,89;0;0,46;-1,39;3,62
197803;4,98;3,67;2,21;1,27;0;0,53;2,87;3,38
197804;9,24;13,24;5,73;-3,48;0;0,54;7,74;0,39
197805;3,42;4,66;3,93;-0,63;0;0,51;1,81;4,63
197806;-2,08;-3,2;-0,05;0,55;0;0,54;-1,62;1,73
197807;7,51;8,1;2,05;-1,13;0;0,56;5,11;0,28
197808;8,8;2,71;2,81;-0,51;0;0,55;3,69;5,07
197809;-2,89;-3,58;-1,25;1,91;0;0,62;-1,31;-0,4
197810;-17,31;-11,51;-11,41;1,39;0;0,68;-11,78;-9,92
197811;0,66;2,5;0,99;-2,2;0;0,7;2,68;3,08
197812;0,25;-0,51;0,73;-2,18;0;0,78;0,99;1,27
197901;7,96;3,81;2,69;2,19;1;0,77;4,18;3,66
197902;-3,61;-5,26;-4,63;1,17;0;0,73;-3,41;0,46
197903;7,74;5,67;2,07;-0,67;0;0,81;5,75;3,17
197904;1,86;0,63;-0,86;1,11;0;0,8;0,05;2,19
197905;-2,64;-3,13;-2,56;1,59;0;0,82;-2,18;0,32
197906;3,61;1,3;2,62;1,43;0;0,81;3,88;1,17
197907;2,03;-0,1;0,17;1,78;0;0,77;0,73;1,32
197908;9,07;4,78;6,5;-1,59;0;0,77;5,7;2,03
197909;-0,87;-4,4;-2,53;-0,9;0;0,83;-0,69;-0,27
197910;-11,19;-8,25;-9,42;-1,85;0;0,87;-8,14;-3,31
197911;5,38;-0,14;4,31;-3,28;0;0,99;5,37;2,81
197912;3,51;3,13;1,53;-2,05;0;0,95;1,87;4,2
198001;8;3,91;3,06;1,79;1;0,8;5,76;1,67
198002;-3;-6,18;-6,16;0,55;0;0,89;-0,79;-1,82
198003;-16,06;-6,76;-10,17;-1,02;0;1,21;-13,23;-6,63
198004;2,78;0,93;5,9;1,09;0;1,26;3,97;0,99
198005;8,06;4,97;7,14;0,34;0;0,81;5,2;2,08
198006;4,38;2,08;1,72;-0,82;0;0,61;3,16;1,74
198007;12,26;9,25;5,32;-6,31;0;0,53;6,41;4,25
198008;0,79;1,57;-0,06;-2,65;0;0,64;1,72;3,9
198009;0,95;1,29;-0,88;-4,66;0;0,75;2,2;0,91
198010;2,13;1,21;-1,89;-2,71;0;0,95;1,06;2,53
198011;6,15;6,95;-0,89;-8,48;0;0,96;9,54;-3,37
198012;-5,23;-3,69;0,53;2,62;0;1,31;-4,75;-0,31
198101;-3,48;-2,65;1,63;6,84;1;1,04;-5,05;2,97
198102;2,87;7,13;1,22;1,02;0;1,07;0,48;-0,3
198103;6,49;3,18;5,68;0,71;0;1,21;3,41;3,54
198104;-2,77;-1,83;-1,14;2,28;0;1,08;-2,21;4,41
198105;-0,64;-0,66;1,29;-0,47;0;1,15;0,21;2,05
198106;-3,12;-4,37;-1,93;5,1;0;1,35;-2,37;-0,87
198107;-5,39;-4,08;-2,56;-0,48;0;1,24;-1,55;-2,22
198108;-6,48;-8,34;-6,21;4,77;0;1,28;-6,91;-1,93
198109;-11,34;-4,5;-3,12;5,21;0;1,24;-7,62;-2,64
198110;0,29;-0,07;7,39;-4,29;0;1,21;4,81;2,25
198111;5,22;5,01;0,96;1,82;0;1,07;3,51;-0,95
198112;-3,48;-1,64;-0,78;0,77;0;0,87;-3,68;1,19
198201;-8,03;2,97;-1,33;3,08;1;0,8;-3,42;-1,18
198202;-8,11;-4,72;-1,66;5,97;0;0,92;-6,03;0,51
198203;-3,68;1,38;2,43;3,89;0;0,98;-1,99;-0,22
198204;1,33;0,05;5,66;-2,77;0;1,13;3,2;1,5
198205;-6,52;-3,31;-3,46;1,8;0;1,06;-3,88;0,53
198206;-3,65;1,52;1,03;1,51;0;0,96;-3,35;-0,35
198207;-4,15;0,88;0,89;0,23;0;1,05;-3,1;0,89
198208;16,92;10,86;6,2;1,15;0;0,76;11,14;-4,15
198209;-1,06;-0,39;3,51;0,33;0;0,51;1,17;2,96
198210;17,83;12,21;6,81;-3,72;0;0,59;11,27;2,3
198211;11,08;8,59;4,66;-1,95;0;0,63;4,56;4,76
198212;2,32;-2,87;0,02;0,06;0;0,67;0,78;-0,16
198301;1,39;4,52;-0,81;-0,89;1;0,69;3,5;2,69
198302;3,74;6,2;1,09;0,71;0;0,62;2,4;3,24
198303;5,2;-3,06;5,35;2,09;0;0,63;2,84;1,79
198304;4,84;5,32;4,33;0,62;0;0,71;6,71;0,52
198305;2,16;-5,07;-1,61;-1,45;0;0,69;0,63;6,13
198306;-0,83;4,66;0,88;-3,87;0;0,67;3,11;0,96
198307;-4,68;-5,89;-3,06;5,62;0;0,74;-3,9;1,53
198308;-5,15;-1,85;1,05;5,48;0;0,76;-0,41;-4,32
198309;2,59;2,04;4,7;1,05;0;0,76;0,85;0,59
198310;-5,59;-2,85;1,45;4,97;0;0,76;-3,56;-3,62
198311;6,71;8,09;1,79;-0,71;0;0,7;2,26;2,01
198312;-1,91;0,49;-1,3;1,71;0;0,73;-1,78;-0,31
198401;-4,57;-7,24;-0,37;7,61;1;0,76;-2,06;-0,41
198402;-6,57;-6,37;-5,01;3,34;0;0,71;-4,62;-1,7
198403;3,59;1,31;0,46;0,53;0;0,73;0,61;0,11
198404;-3,57;-0,59;-0,32;1,25;0;0,81;-0,56;-1,15
198405;-9,74;-4,26;-2,67;0,25;0;0,78;-6,01;0,05
198406;0,65;0,95;5,75;-2,62;0;0,75;1,59;-0,24
198407;-3,84;-0,51;-1,81;0,3;0;0,82;-2,88;-2,3
198408;11,84;8,32;6,53;-1,78;0;0,83;10,44;-0,2
198409;-0,09;-3,79;1,59;5,34;0;0,86;-0,82;0,24
198410;-0,71;-0,35;1,2;0,52;0;1;-1,01;-1,18
198411;-0,8;-2,27;-1,05;4,02;0;0,73;-1,8;-0,64
198412;1,27;2,08;1,83;-0,12;0;0,64;1,73;-0,56
198501;11,97;9,24;1,31;-5,38;1;0,65;7,92;3,26
198502;-0,57;-0,23;4,76;-0,19;0;0,58;1,11;0,78
198503;-5,24;-4,92;5,52;4,02;0;0,62;-0,79;-1,11
198504;-1,67;-1,93;-2,05;3,71;0;0,72;-0,94;0,17
198505;5,34;4,18;10,05;-0,9;0;0,66;4,92;-2,3
198506;0,31;1,46;2,87;0,45;0;0,55;1,16;0,5
198507;2,32;1,94;-2,88;-1,64;0;0,62;-0,65;2,85
198508;-3,26;-3,51;1,87;2,18;0;0,55;-1,03;-0,38
198509;-5,06;-4,32;2,62;1,23;0;0,6;-4,58;-1,6
198510;2,34;-0,1;3,6;0,7;0;0,65;3,79;-1,59
198511;8,03;12,21;8,75;-2,87;0;0,61;6,31;0,22
198512;4,22;6,64;3,23;-1,53;0;0,65;3,66;-0,44
198601;1,87;-0,19;0,58;0,5;1;0,56;0,42;1,18
198602;11,67;11,05;8,37;-0,75;0;0,53;6,72;-0,57
198603;10,27;4,2;8,15;-0,45;0;0,6;4,79;-0,48
198604;-2,41;-1,94;0,01;-2,91;0;0,52;-1,31;2,82
198605;4,68;3,83;7,38;-0,11;0;0,49;4,59;-1,27
198606;-1;-1,12;5,6;1,4;0;0,52;0,9;-0,89
198607;-9,7;-9,2;-5,36;4,71;0;0,52;-6,49;-3,45
198608;7,06;5,6;1,35;3,5;0;0,46;6,16;-4,18
198609;-7,43;-9,2;-11,82;3,23;0;0,45;-8,35;2,31
198610;6,32;6,87;9,46;-1,48;0;0,46;4,47;-2,61
198611;2,21;6,86;-0,02;-0,13;0;0,39;1,12;-1,95
198612;-3,39;-0,25;-3,13;0,27;0;0,49;-3,13;0,06
198701;16,45;14,82;13,19;-3,16;1;0,42;12,43;-1,76
198702;3,42;4;3,98;-5,9;0;0,43;4,36;3,47
198703;4,47;1,15;1,83;1,64;0;0,47;1,9;0,39
198704;-4,52;-1,32;-4,93;-0,23;0;0,44;-2,14;-1,67
198705;-2,25;0,43;1,79;0,2;0;0,38;0,13;-0,55
198706;5,85;3,56;5,64;1,13;0;0,48;3,89;-2,1
198707;5,12;5,79;3,14;0,72;0;0,46;3,96;-0,65
198708;1,68;5,77;2,37;-0,95;0;0,47;3,24;-0,78
198709;-2,22;-1,43;-3,11;0,3;0;0,45;-2,53;0,57
198710;-29,81;-25,89;-18,8;4,23;0;0,6;-23,14;-8,37
198711;-5,21;-11,29;-8,03;3,17;0;0,35;-7,58;2,6
198712;7,99;8,17;7,37;-4,42;0;0,39;6,64;0,19
198801;3,58;-1,05;2,73;5,16;1;0,29;4,2;-0,69
198802;11,11;3,92;4,23;-1,66;0;0,46;4,71;3,33
198803;0,55;-5,9;-0,71;0,77;0;0,44;-2,1;6,17
198804;1,88;0,6;-0,31;1,73;0;0,46;0,64;0,96
198805;-1,66;1,27;-0,63;2,29;0;0,51;-0,47;-2,65
198806;8,5;6,27;1,71;-1,22;0;0,49;4,66;2,06
198807;-3,24;-0,3;0,59;2,3;0;0,51;-1,24;-0,17
198808;-4,12;-5,1;0,33;2,06;0;0,59;-3,39;0,09
198809;-0,18;3,54;5,86;-0,74;0;0,62;3,1;-1,29
198810;-0,51;1,85;11,9;1,65;0;0,61;1,15;-2,93
198811;-3,66;-5,64;-1,13;1,27;0;0,57;-2,21;-1,76
198812;3,16;2,19;1,83;-1,56;0;0,63;1,48;1,93
198901;5,63;5,74;4,53;0,55;1;0,55;6,06;-2,16
198902;0;-0,04;-2,24;0,87;0;0,61;-2,25;2,75
198903;0,76;0,02;4,48;0,46;0;0,67;1,48;0,71
198904;5,2;5,47;5,09;-1,38;0;0,67;4,15;-0,55
198905;2,46;0,31;5,24;-0,83;0;0,79;3,14;-0,02
198906;-1,59;0,81;0,15;2,17;0;0,71;-1,2;-1
198907;8,42;6,22;12,9;-2,75;0;0,7;7,01;-4
198908;2,07;-0,17;-4,83;0,65;0;0,74;1,47;0,5
198909;-2,35;-3,22;-0,82;-1,31;0;0,65;-0,8;0,36
198910;-8,18;-6,13;-2,15;-0,96;0;0,68;-3,61;-3,22
198911;2,09;-0,63;2,9;-1,1;0;0,69;1,09;-1,24
198912;-0,65;-0,7;2,17;0,31;0;0,61;1,22;-2,35
199001;-6,06;-7,75;-10,2;0,92;1;0,57;-7,58;-1,28
199002;2,92;-0,03;-0,86;0,64;0;0,57;0,92;1,13
199003;4,37;3,57;4,91;-2,85;0;0,64;1,77;1,49
199004;-3,07;-6,56;-0,14;-2,49;0;0,69;-3,52;-0,45
199005;10,29;5,82;10,91;-3,63;0;0,68;8,21;-2,5
199006;-3,18;-1,21;1,19;-2,12;0;0,63;-1,05;1,41
199007;-0,28;-5,44;-0,36;-0,05;0;0,68;-1,62;-3,16
199008;-12,66;-8,72;-7,28;1,5;0;0,66;-9,85;-3,53
199009;-9,58;-8,35;-3,7;0,67;0;0,6;-5,98;-3,63
199010;-6,96;-5,47;3,59;0,27;0;0,68;-1,93;-5,52
199011;9,49;9,74;4,61;-2,97;0;0,57;6;0,31
199012;4,38;1,65;3,36;-1,5;0;0,6;2,35;0,77
199101;7,8;7,96;3,06;-1,73;1;0,52;4,39;3,85
199102;11,23;7,47;10,96;-0,59;0;0,48;7,1;3,89
199103;-0,15;4,04;5,39;-1,19;0;0,44;2,45;3,92
199104;-0,07;-1,85;-2,17;1,43;0;0,53;-0,2;0,52
199105;8,18;5,04;2,8;-0,56;0;0,47;3,6;-0,33
199106;-5,14;-6,22;-5;1,23;0;0,42;-4,82;0,07
199107;4,75;3,11;6,1;-1,29;0;0,49;4,19;-0,98
199108;3,18;4,62;5,44;-0,79;0;0,46;2,22;1,58
199109;-3,34;0,5;-4,37;-1,04;0;0,46;-1,56;1,66
199110;-3,12;3,86;-0,57;-0,38;0;0,42;1,36;0,85
199111;-2,88;-2,14;0,36;-1,77;0;0,39;-4,12;-0,53
199112;15,27;9,97;14,81;-3,97;0;0,38;10,3;-2,3
199201;2,46;4,59;-5,06;4,62;1;0,34;-0,46;8,42
199202;1,39;-0,07;-0,23;6,35;0;0,28;1,06;0,85
199203;-2,09;-4,02;-1,82;3,7;0;0,34;-2,71;-1,08
199204;-0,38;-0,06;-0,53;4,31;0;0,32;1,02;-6,08
199205;3,07;-0,47;1,47;1,18;0;0,28;0,36;0,43
199206;-5,32;-4,78;-2,21;3,28;0;0,32;-2,25;-3,06
199207;6,13;4,79;4,75;-0,49;0;0,31;3,68;-0,37
199208;-0,43;-2,42;1,29;-1,1;0;0,26;-2,34;-0,11
199209;2,3;3,05;0,82;-0,2;0;0,26;0,98;0,58
199210;2,01;-1,84;-1,28;-2,05;0;0,23;0,87;2,06
199211;3,1;6;2,57;-1,51;0;0,23;3,79;3,62
199212;1,76;-0,76;0,07;2,54;0;0,28;1,5;1,65
199301;-0,75;7,91;-1,89;5,83;1;0,23;1,03;2,02
199302;4,06;0,94;-2,53;6,5;0;0,22;0,32;-3,34
199303;1,16;3,07;-0,78;1,22;0;0,25;2,26;0,26
199304;-3,36;-6,08;-11,09;2,64;0;0,24;-2,78;-0,65
199305;2,61;3,08;2,68;-3,42;0;0,22;2,74;1,99
199306;-2,36;-0,57;-0,72;2,62;0;0,25;0,29;-0,29
199307;0,11;1,45;-2,77;3,23;0;0,24;-0,32;0,96
199308;3;7,4;4,04;-0,38;0;0,25;3,7;0,28
199309;-2,48;-0,88;-2,4;-0,43;0;0,26;-0,2;3,08
199310;2,62;4;5,7;-1,62;0;0,22;1,59;1,47
199311;2,7;-0,8;-0,05;-0,34;0;0,25;-2,01;-1,46
199312;0,97;1,03;1,36;0,59;0;0,23;1,72;1,23
199401;2,29;1,86;-0,99;2,15;1;0,25;2,9;0,1
199402;-0,04;-1,59;-1,13;-1,4;0;0,21;-2,63;2,7
199403;-5,06;-3,79;-4,15;1,28;0;0,27;-4,85;-0,89
199404;0,24;-1,94;0,95;1,65;0;0,27;0,68;-0,85
199405;0,92;1,63;-1,63;0,13;0;0,32;0,62;-2,03
199406;-3,48;-2,63;-1,62;1,71;0;0,31;-3,1;-0,49
199407;2,41;2,1;3,15;0,96;0;0,28;2,78;-1,77
199408;5,48;4,22;6,19;-3,49;0;0,37;3,89;1,45
199409;-3,63;-1,98;0,52;-1,8;0;0,37;-2,21;2,69
199410;0,42;-0,66;2,23;-2,34;0;0,38;1,07;-2,18
199411;-4,33;-5,11;-1,3;-0,06;0;0,37;-4,09;-0,17
199412;0,05;0,43;1,17;0,22;0;0,44;0,82;0,05
199501;1,03;0,82;2,04;1,71;1;0,42;1,62;-2,96
199502;2,16;4,64;2,32;0,36;0;0,4;3,56;-0,32
199503;-0,09;3,27;2,6;-2,07;0;0,46;2,24;-0,33
199504;-0,66;1,36;3,26;1,73;0;0,44;2,06;-0,4
199505;1,09;2;4,61;1,95;0;0,54;2,86;-2,22
199506;2,7;0,34;1,22;-2,96;0;0,47;2,65;3,08
199507;3,95;2,35;0,12;-2,2;0;0,45;3,63;2,22
199508;-2,2;0,44;-0,35;1,9;0;0,47;0,46;1,83
199509;1,57;-0,33;7,72;-0,94;0;0,43;3,21;-2,05
199510;-2,78;-2,42;1,33;-0,1;0;0,47;-1,6;-3,99
199511;7,04;5,11;3,89;0,38;0;0,42;3,85;-0,84
199512;1,62;-1,79;1,03;1,41;0;0,49;1,03;0,42
199601;0,94;2,7;2,68;0,36;1;0,43;2,38;-2,44
199602;-2,4;0,66;2,9;-2,28;0;0,39;1,24;2,07
199603;3,68;0,53;-1,85;1,28;0;0,39;0,7;1,33
199604;1,57;4,07;-0,91;-3,96;0;0,46;2,09;4,89
199605;2,91;2,8;6,73;-1,37;0;0,42;2,26;3,22
199606;0,42;-0,75;3,5;1,96;0;0,4;-1,23;-3,66
199607;-5,16;-6,64;-4,79;4,4;0;0,45;-5,83;-3,58
199608;3,13;2,19;0,74;-0,58;0;0,41;2,84;2,3
199609;6,13;4,42;4,22;-3,78;0;0,44;4,86;-0,78
199610;0,7;-2,34;1;4,84;0;0,42;0,94;-4,09
199611;1,73;5,27;3,71;0,2;0;0,41;6,14;-3,55
199612;-1,11;-2,46;-1,23;0,94;0;0,46;-1,6;3,15
199701;3,19;4;6,59;-2,32;1;0,45;4,89;-1,48
199702;-0,26;1,84;2,38;4,76;0;0,39;-0,5;-2,55
199703;-4,78;-6,49;-4,46;3,87;0;0,43;-4,91;-0,31
199704;6,25;5,21;7,08;-1,03;0;0,43;3,8;-5,15
199705;5,97;6,16;4,2;-4,37;0;0,49;6,67;4,8
199706;4,39;4,03;2,85;0,69;0;0,37;4,04;1,52
199707;8,27;-0,07;3,19;-0,39;0;0,43;7,22;-2,42
199708;-7,49;-2,82;-8,75;1,05;0;0,41;-4,04;7,49
199709;4,88;4,08;6,78;-0,29;0;0,44;5,4;2,68
199710;-2,15;-4,31;-3,95;2,3;0;0,42;-3,87;-0,83
199711;2,38;1,23;6,9;1,03;0;0,39;2,66;-5,04
199712;3,17;0,45;3,2;3,82;0;0,48;1,3;-2,34
199801;0,46;1,97;-3,07;-1,82;1;0,43;0,02;-1,02
199802;8,67;7,86;3,94;-0,71;0;0,39;6,93;0,23
199803;7,74;4,92;7,91;1,67;0;0,39;4,74;-1,19
199804;-0,47;2,86;-3,85;0,31;0;0,43;0,66;0,47
199805;1,34;-3,9;1,49;4,27;0;0,4;-2,98;-3,58
199806;0,76;-0,45;3,42;-1,84;0;0,41;2,79;-3,27
199807;-4,36;-0,71;-6,56;-1,15;0;0,4;-2,73;-4,89
199808;-16,96;-14,55;-15,13;5,15;0;0,43;-16,2;-5,7
199809;-0,1;-3,45;-0,45;-3,92;0;0,46;5,92;-0,18
199810;10,3;9,35;11,92;-2,68;0;0,32;7,12;-3,24
199811;7,74;2,65;4,6;-3,31;0;0,31;5,89;1,12
199812;10,91;0,65;-1,29;-4,84;0;0,38;5,93;-0,29
199901;5,72;-1,01;-3,03;-5,47;1;0,35;3,48;0,69
199902;-5,18;-3,99;-3,07;1,74;0;0,35;-4,16;-5,75
199903;4,25;-1,87;-3,02;-2,91;0;0,43;3,36;-3,87
199904;0,05;12,93;3,04;2,48;0;0,37;4,53;3,29
199905;-2,87;-3,2;1,08;2,66;0;0,34;-2,41;3,69
199906;-0,83;4,03;-2,25;-4,21;0;0,4;4,7;3,35
199907;-1,98;-3,85;-1,87;0,53;0;0,38;-3,44;2,2
199908;-4,49;-5,34;-3,31;-0,97;0;0,39;-1,39;-1,24
199909;-1,76;-9,52;-9,82;-3,12;0;0,39;-2,68;3,27
199910;5,02;-2,08;12,04;-3,32;0;0,39;5,81;-6,72
199911;2,2;-2,17;0,72;-7,92;0;0,36;3,32;7,69
199912;16,08;1;-7,53;-9,13;0;0,44;7,93;6,89
200001;-15,45;-8,45;-5,52;0,29;1;0,41;-4,37;4,45
200002;-1,63;-5,3;-9,92;-12,78;0;0,43;2,75;22,19
200003;11,45;2,49;4,19;7,91;0;0,47;4,88;-16,67
200004;-7,1;0,94;-0,52;9,3;0;0,46;-6,41;-7,68
200005;-10,33;-1,4;12,59;3,79;0;0,5;-4,4;-4,79
200006;-1,15;-2,27;3,44;-9,95;0;0,4;4,76;13,81
200007;-0,79;-4,22;1,45;8,38;0;0,48;-2,19;-2,77
200008;-1,33;4,59;-6,46;-1,32;0;0,5;7,08;-0,87
200009;2,21;-12,92;4,69;6,86;0;0,51;-5,62;-1,81
200010;-6,78;0,22;7,08;4,93;0;0,56;-3,02;-3,75
200011;-6,08;-5,41;3,91;12,49;0;0,51;-10,76;-3,15
200012;13,44;4,24;1,62;6,21;0;0,5;1,53;1,53
200101;2,75;9,59;-5,23;-5,64;1;0,54;3,41;6,95
200102;-4,81;0,48;-2,03;13,84;0;0,39;-10,32;-1,13
200103;-0,41;-3,83;-6,3;6,27;0;0,44;-7,47;0,58
200104;5,15;3,53;-1,83;-4,51;0;0,39;8;0,32
200105;3,45;6,12;3,38;2,87;0;0,32;0,74;2,96
200106;-2,08;0,08;-2,71;-2,12;0;0,28;-2,03;6,41
200107;4,34;-2,22;2,37;5,6;0;0,3;-2,13;-4,2
200108;-4,49;0,13;3,85;3,31;0;0,31;-6,22;2,17
200109;-14,84;-16,99;-2,24;1,62;0;0,28;-9,43;-6,53
200110;2,66;6,09;1,1;-7;0;0,22;2,58;6,86
200111;16,39;6,26;0,55;0,83;0;0,17;7,7;0,4
200112;7,33;3,78;2,11;0,39;0;0,15;1,63;5,12
200201;0,08;1,97;-0,16;3,47;1;0,14;-1,74;1,13
200202;1,58;4,65;3,51;3,93;0;0,13;-2,3;-1,67
200203;-1,28;5,28;3,93;1,12;0;0,13;4,34;4,35
200204;-0,65;2,24;2,69;4,2;0;0,15;-5,12;5,83
200205;-3,09;-0,87;0,66;2,47;0;0,14;-1,19;-3,71
200206;-5,56;-5,42;-2,12;1,47;0;0,13;-7,16;3,52
200207;-13,08;-10,34;-8,54;-3,66;0;0,15;-8,26;-5,18
200208;1,92;3,54;0,48;2,18;0;0,14;0,66;-2,19
200209;-12,68;-11,31;-4,86;1,15;0;0,14;-10,14;2,71
200210;4,89;3,59;4,84;-6,51;0;0,14;7,35;-3
200211;-0,07;9,49;-1,42;-1,55;0;0,12;6,01;3,18
200212;-5,03;-4,85;-1,14;3,88;0;0,11;-5,44;-0,52
200301;-6,64;-4,92;-4,55;-0,89;1;0,1;-2,44;1,39
200302;4,88;-1,25;-3,74;-1,46;0;0,09;-1,63;-0,29
200303;2,18;0,57;0,03;-1,71;0;0,1;0,93;0,83
200304;9,61;6,85;3,79;-0,03;0;0,1;8,18;1,12
200305;9,79;4,15;7,06;0,17;0;0,09;6,26;4,71
200306;0,86;-1,65;0,54;0,63;0;0,1;1,53;1,47
200307;0,02;3;-0,44;-2,07;0;0,07;2,24;5,6
200308;5,96;4,31;-0,55;1,78;0;0,07;2,43;2,66
200309;-1,25;-5,69;0,59;0,94;0;0,08;-0,99;0,58
200310;12,27;8,26;4,58;1,81;0;0,07;5,96;2,91
200311;1,49;0,56;2,56;1,39;0;0,07;1,59;2,23
200312;0,73;2,26;3,4;2,68;0;0,08;4,47;-2,81
200401;-1,89;3,62;-0,29;1,63;1;0,07;2,23;2,63
200402;5,14;2,38;4,75;0,36;0;0,06;1,49;-1,19
200403;2,64;-2,76;0,84;0;0;0,09;-1,16;1,85
200404;-5,14;-4,21;1,81;-1,72;0;0,08;-2,5;-2,53
200405;2,16;0,97;-0,26;-0,26;0;0,06;1,35;-0,15
200406;0,18;2,94;1,06;1,68;0;0,08;2,08;2,27
200407;-4,26;-6,55;-6,93;4,41;0;0,1;-3,87;-3,83
200408;5,06;1,17;0,17;1,15;0;0,11;0,16;-1,53
200409;5,85;4,1;-3,45;0,37;0;0,11;1,94;2,84
200410;1,8;-0,76;2,87;-0,93;0;0,11;1,67;0,45
200411;4,16;8,4;2,19;1,91;0;0,15;4,67;4,11
200412;5,02;3,83;4,88;-0,36;0;0,16;3,36;0,2
200501;0,71;-4,26;-0,39;2,47;1;0,16;-2,82;-1,6
200502;2,1;-0,03;-0,34;2,81;0;0,16;2,11;-0,76
200503;-3,76;-3,32;-1,18;1,67;0;0,21;-1,9;-1,31
200504;-4,64;-9,36;0,28;-0,46;0;0,21;-2,73;-3,97
200505;7,07;4,72;2,23;-1,21;0;0,24;3,56;2,99
200506;1,96;0,99;-2,84;2,72;0;0,23;0,92;2,59
200507;10;0,77;1,73;-0,45;0;0,24;4,09;2,77
200508;-3,48;-2,76;-1,31;1,4;0;0,3;-0,89;-0,89
200509;0,42;-4,15;0,14;1,19;0;0,29;0,77;-0,64
200510;-4,67;-3,55;-1,34;-0,71;0;0,27;-2,35;-1,04
200511;5,16;6,5;0,45;-1,81;0;0,31;3,73;1,01
200512;-1,54;0,35;-1,58;0,48;0;0,32;0,03;-0,48
200601;5,55;4,18;0,11;1,13;1;0,35;3,65;5,38
200602;-0,99;2,03;1,23;-0,84;0;0,34;-0,5;-0,37
200603;1,01;4,09;1,45;-0,02;0;0,37;1,54;3,52
200604;-2,05;-2,82;0,77;3,06;0;0,36;0,94;-1,21
200605;-7,04;-4,23;2,9;2,72;0;0,43;-3,53;-2,99
200606;-4,3;-1,73;-0,96;1,48;0;0,4;-0,44;-0,47
200607;-6,64;-3,19;2,22;3,28;0;0,4;-0,59;-3,91
200608;-0,01;3,05;2,33;-1,72;0;0,42;2,09;0,79
200609;0,49;4,14;-0,2;-0,45;0;0,41;1,53;-1,19
200610;4,36;6,83;0,22;0,48;0;0,41;3,3;1,68
200611;3,9;1,47;0,04;0,46;0;0,42;1,95;0,7
200612;1,23;-0,67;1,6;2,55;0;0,4;0,68;-0,9
200701;3,06;1,28;0,74;-0,09;1;0,44;1,5;0,04
200702;-2,11;0,75;-2,07;0,31;0;0,38;-1,78;1,39
200703;-4,99;-0,39;2,46;0,32;0;0,43;0,87;-0,19
200704;2,14;6,66;3,65;-0,96;0;0,44;3,55;-2,11
200705;6,52;1,41;1,92;-0,08;0;0,41;3,48;-0,07
200706;-4,04;-3,36;-1,27;-1,05;0;0,4;-1,87;0,65
200707;-6,11;-7,26;-3,27;-2,97;0;0,4;-3,57;-2,71
200708;0,15;-2,52;2,7;-2,35;0;0,42;0,75;-0,13
200709;-6,28;-2,05;5,62;-2,09;0;0,32;3,77;-2,47
200710;0,91;-0,12;2,39;-1,98;0;0,32;2,26;0,08
200711;-9,18;-7,31;0,71;-0,99;0;0,34;-5,27;-2,74
200712;-2,14;-4,1;0,06;-0,07;0;0,27;-0,7;0,06
200801;3,39;-4,42;-7,55;3,05;1;0,21;-6,44;-0,76
200802;-8,32;-6,19;1,82;0;0;0,13;-2,33;-0,54
200803;0,62;-0,17;2,01;0,19;0;0,17;-1,21;0,85
200804;4,79;-0,74;0,2;0,07;0;0,17;4,94;-1,53
200805;1,09;1,57;1,6;-0,31;0;0,17;2,22;2,87
200806;-12,26;-11,29;-6,95;-1,05;0;0,17;-8,03;1,08
200807;-0,19;8,89;2,69;3,61;0;0,15;-1,47;3,71
200808;7,91;4,03;0,37;1,46;0;0,12;0,99;3,76
200809;-8,74;-5,63;-1,28;4,48;0;0,15;-9,96;-0,24
200810;-19,8;-25,9;-13,08;-3,13;0;0,08;-18,54;-2,12
200811;-4,5;-11,27;-3,51;-4,93;0;0,02;-8,55;-3,62
200812;2,98;2,06;-0,24;-1,28;0;0,09;2,06;4,04
200901;-12,37;-16,17;-3,33;-9,93;1;0;-7,75;-0,91
200902;-10,96;-17,82;-6,76;-6,73;0;0,01;-10,12;-0,41
200903;15;10,11;5,32;2,55;0;0,01;8,76;0,74
200904;17,54;29,45;2,62;5,74;0;0,01;11,04;5,14
200905;-5,09;1,81;6,74;0,44;0;0;6,73;-2,61
200906;-0,38;1,39;0,67;-2,48;0;0;-0,28;2,64
200907;13,98;17,03;6,03;4,83;0;0,01;8,24;2,48
200908;4,14;7,4;0,22;7,62;0;0,01;3,18;-0,58
200909;-1,54;6,51;3,75;1,5;0;0;4,52;2,36
200910;-6,97;-2,55;-0,32;-4,38;0;0;-2,84;-4,28
200911;5,01;4,3;4,56;0,12;0;0;5,74;-2,83
200912;5,88;4,75;1,46;0,74;0;0;2,92;5,88
201001;-2,98;-3,54;-2,12;0,57;1;0;-3,71;0,43
201002;5,75;9,7;1,74;2,75;0;0;3,54;1,41
201003;5,66;5,48;4,98;2,02;0;0;6,44;1,59
201004;10,74;6,84;-1,36;3,14;0;0;2,02;5
201005;-8,27;-5,42;-4,86;-2,36;0;0,01;-8;-0,03
201006;-14,28;-8,82;-1,97;-4,28;0;0,01;-5,21;-2,05
201007;5,4;4,07;6,67;0,13;0;0,01;7,24;-0,08
201008;-4,59;-3,81;-0,65;-1,71;0;0,01;-4,4;-2,92
201009;10,47;11,55;3,17;-3,14;0;0,01;9,24;3,97
201010;-1,03;1,58;3,98;-2,14;0;0,01;3,89;0,91
