BOOKLEV;EBIT;INVGRADE;LOGSALES;MARKLEV;RATING;RETA;WKA
0,256677568;0,05760994;0;6,316473;0,212763175;2;-0,107975133;0,229021743
0,49822;0,003254789;0;9,938469;0,7834353;2;-0,10686557;-0,07309713
0,2276335;0,166817918;1;10,01179504;0,09852892;6;0,382622033;0,136250868
0,467677861;-0,029462988;0;8,43012;0,6448439;2;-0,143087968;0,03182491
0;0,034412265;0;7,291656;0;3;0,285224;0,6508468
0,1880256;0,041013043;0;8,673782;0,09323333;2;0,08744968;0,238327071
0,316874832;-0,020985825;0;6,757193;0,2560707;2;-0,07877767;0,41396144
0,2452444;0,105410807;1;9,004975;0,162728116;5;0,469218343;0,04529821
0,2854958;0,05279536;0;7,9981;0,4753297;3;0,03852848;0,09881329
0,05425123;0,1455487;1;8,169402;0,028820477;4;0,5613006;0,2839527
0,3541492;0,07011359;1;10,60554504;0,444811463;4;0,291813552;0,026579374
0,240821376;0,02969442;1;9,919361;0,296371043;4;0,09951948;0,022261431
0,331713468;0,04106431;0;8,384189;0,4735321;3;0,180185437;0,2063182
0,157894731;0,09560598;1;7,379008;0,1205059;5;0,395944;0,023660067
0,158109859;0,083483;1;10,22749;0,141816631;5;0,3622035;0,047439154
0,249363884;0,1025357;1;9,157678;0,198320583;5;0,303680062;0,0816471
0,194355413;0,0614613;1;10,17194843;0,2028631;5;0,2543922;0,042200856
0,198012039;0,1323568;1;10,03218842;0,242820755;4;0,229557931;-0,06052838
0,4250431;-0,026421597;0;8,532475;0,4939095;2;-0,11861;-0,014359564
0,441162;0,08067265;1;8,815028;0,3378671;4;0,444494933;0,028390713
0,214202851;0,07805271;1;7,542055;0,2638909;4;0,6478741;0,260528117
0,2579338;0,144634768;1;9,839258;0,129963219;5;0,179941922;0,2259103
0,35462147;0,133169159;1;7,268542;0,173974678;4;0,417706966;0,0845305
0,135065019;0,169880882;1;9,427868;0,039380327;5;-0,106154211;0,192511186
0,130924478;0,033790603;0;7,581329;0,149105757;3;0,385243446;0,277470142
0,2793291;0,12765491;1;8,148997;0,144621015;5;0,301851064;0,1749351
0,4815524;0,189918458;1;9,618182;0,192646131;5;0,9381939;-0,013524615
0,367285252;-0,147961989;0;7,180525;0,4797694;3;-0,07383233;0,394286454
0,113753177;0,227556422;1;8,916947;0,08835311;5;0,3191843;-0,001270613
0,0368221;0,1437009;1;8,852496;0,014191777;5;0,7268108;0,681796253
0,4444469;0,123643152;0;6,88353;0,226848766;3;0,6140003;0,110984758
0,224694178;0,09968515;1;10,48971176;0,206694171;5;0,163867876;0,233563423
0,02315796;0,189727873;1;7,528476;0,018784242;4;0,373114645;0,09621214
0,232864574;0,08113825;1;9,320467;0,2680367;4;0,231664553;0,3615593
0,013793103;0,277769625;1;9,140883;0,021755734;4;0,4597212;0,324578136
0,002752088;0,061929215;1;9,047715;0,002845677;7;0,2889692;0,05940164
0,258735925;0,102190822;1;8,607674;0,164812744;5;0,4415424;0,007778491
0,294841975;0,11005237;0;7,166421;0,224245414;3;-0,015487229;0,321601421
0,24410367;0,06371152;1;9,311707;0,300919741;4;0,27592656;0,4051318
0,346188575;0,249176;1;9,005724;0,113421;5;0,5232087;0,08802721
0,3809524;0,136871964;1;9,701095;0,208986357;4;0,139707074;0,003570104
0,222253278;0,15818873;1;8,801517;0,149649471;5;0,304;0,018027008
0,139342159;0,173105;1;8,879821;0,049802534;5;0,1377155;0,3175705
0,3660036;0,106644563;0;8,657164;0,277506024;3;0,2595202;0,011465672
0,133033186;0,2038312;1;7,483863;0,042107493;5;0,4363524;0,275203049
0,262459934;0,08452346;1;7,762171;0,107233912;5;-0,0542116;0,173127368
0,262277037;0,127917022;1;9,195126;0,124248989;5;0,106466569;0,07472303
0,2087201;0,177091971;1;8,596869;0,07848195;5;0,761311054;0,27601245
0,232022837;0,07814786;1;11,22673607;0,319116175;5;0,08399453;-0,05124011
0,332069844;0,09325624;1;9,70447;0,34261784;5;-0,11902535;-0,047772586
0,3039273;0,0959454;1;9,93047;0,2607648;5;0,3601754;-0,07859883
0,346837878;0,08301653;1;7,327277;0,350524873;4;0,126064956;0,030326426
0,284733534;0,106644742;1;8,153048;0,22337158;5;0,462219536;0,173207179
0,05023601;0,147589341;1;10,33682728;0,027480558;4;0,3847775;0,162592724
0,3007384;0,08833281;0;7,074104;0,199989051;3;0,4190849;0,482950151
0,301292837;0,154935867;1;8,783197;0,206675783;4;0,21165286;0,186260015
0,136156335;0,118549436;1;6,953588486;0,06751747;4;0,355012566;0,09591199
0,178610682;0,05880982;1;10,91226673;0,167217642;5;0,258050561;-0,10356655
0,3132193;0,014112882;0;9,122346;0,5224646;2;0,120558657;0,056395885
0,480785668;0,02299899;0;8,155879;0,5843461;2;-0,010849313;0,08293223
0,332851321;0,1000241;1;8,624029;0,3342025;4;-0,023138134;0,028681723
0,135872647;0,01993083;0;6,542673588;0,13852495;2;0,6023723;0,4106646
0,243507653;0,106270336;1;7,884153;0,195192918;4;0,4907522;0,383466363
0,3054588;0,152178556;1;9,86303;0,160453677;5;0,7000853;0,19166252
0,286328137;0,10161937;1;8,851641;0,220409885;4;0,05229224;-0,048396297
0,09260853;0,1572634;1;12,42707348;0,08340592;6;0,381545;0,018331287
0,194686428;0,08661502;0;7,737205;0,203282639;3;0,292390764;0,260248035
0,1568322;0,1187926;1;8,686733;0,157079861;4;0,361268;0,201190084
0,236074448;0,09563094;1;9,471704;0,213752225;4;0,263727576;-0,044515576
0,27945593;-0,02263645;0;8,658467;0,3607583;3;-0,9811611;0,08401797
0,305052638;0,08639284;0;7,194863;0,1881719;3;0,2677595;-0,026703702
0,2488445;0,06020964;1;9,061608;0,352463245;4;0,246987462;-0,02504952
0,2908094;0,05381454;0;5,589845;0,3448235;3;0,09692749;0,151214331
0,229149118;-0,02611626;1;7,661527;0,194396958;4;0,450294852;0,343302429
0,287754118;0,127223119;0;7,39207;0,16759;3;0,320704877;0,236003518
0,3892831;0,110534877;1;9,322413;0,269366741;4;0,146743059;-0,064683415
0,493842661;0,09348717;0;6,078642;0,4612187;3;-0,056512047;0,113859825
0,441706032;0,179752067;1;8,929038;0,197699219;5;0,8627509;-0,07231405
0,229177922;0,118802942;1;8,73414;0,168882817;5;0,210429043;-0,03646114
0,252707332;0,0832077;1;8,28578;0,2027506;4;0,224400282;0,003152872
0,3796644;0,09012028;0;8,434561;0,324451268;3;0,248594627;0,1895527
0,007948692;0,148043573;1;10,36769867;0,005189226;6;0,5026292;0,341269433
0,217762664;0,136616051;1;7,700571537;0,139108747;4;0,5211811;0,184525639
0,2019475;0,128885925;1;7,180983543;0,159749046;4;0,206665054;0,2918229
0,546963;0,106269516;1;10,50064659;0,399140835;5;0,238161;0,07856551
0,341737241;0,09511824;1;7,801126;0,3790145;4;0,4313628;-0,041636765
0,2812691;0,191732541;0;5,90877;0,09346049;3;0,188994244;0,493520349
0,3582292;0,1115072;0;7,148809433;0,163871735;2;-0,214672446;0,197766185
0,1638448;0,108687;0;7,921436;0,1382608;3;0,3982221;0,216108546
0,058985345;0,23880817;0;7,499978;0,05197871;2;0,189603224;0,213983163
0,4955294;0,1814425;0;5,632351;0,203179955;3;0,164458737;0,142430082
0,2815318;0,09451373;0;6,831389427;0,154086143;3;0,2049947;0,04233701
0,3854853;-0,25485307;0;6,948897;0,5653591;3;0,162956372;0,007836153
0,102278419;0,20454888;1;12,12769;0,09217901;6;0,4395429;0,07410616
0,189372227;0,1036958;1;8,272021;0,1058861;4;0,6597793;-0,08336163
0,231112137;0,05004319;1;7,48604;0,11157243;4;0,048528284;0,21634388
0,3855749;0,111885786;0;7,459630489;0,262386829;3;0,314770728;0,04318193
0,357355565;0,017421084;0;6,695675;0,7917105;1;-0,7035438;0,278141737
0,6864805;0,223389551;1;8,386629;0,223447174;5;0,925629;-0,07132983
0,5791984;0,06433782;1;7,229963;0,6655155;4;0,018064015;0,048121274
0,3059753;0,024745468;0;5,149446;0,154026672;2;-0,9300271;0,479331434
0,4050969;0,261428684;1;9,341097;0,10851378;6;0,8420496;0,001657439
0,226581737;0,035454597;1;10,01032162;0,296571136;4;0,045673124;-0,03562911
0,230019256;0,204149127;1;8,790665;0,197368771;4;0,286727548;0,3467647
0,112961918;0,07148872;1;9,589845;0,133592948;5;0,39780426;0,167252555
0,24046953;0,156721115;1;8,335573;0,169547126;4;0,235211074;0,327565968
0,016057778;0,027034363;1;7,285507;0,028762273;4;0,07590127;0,060491834
0,195950225;0,107342139;1;8,461765;0,1326185;5;0,349197537;0,18599835
0,228464;0,01988397;0;7,675632;0,343571424;3;0,592395842;0,3211637
0,323379338;0,06265626;0;6,692849;0,236212969;3;0,136960685;0,08536996
0,210586846;0,03545229;1;8,613758;0,3021855;4;0,136447147;-0,065120496
0,1612385;0,115820467;1;8,429235;0,05646035;4;-0,5950745;0,132952616
0,138647944;0,132480085;1;7,850707;0,114831485;4;0,567102253;-0,068390995
0,137183413;0,102332525;1;7,631067;0,121077083;4;0,3950888;0,186870113
0,274723262;-0,00239691;0;8,001894;0,31006822;3;-0,2027526;0,113499932
0,5199389;0,001222307;0;8,840435;0,511046469;3;-0,4194041;-0,014973262
0,198547572;0,127378359;1;9,202106;0,255038023;4;0,109949164;0,2466231
0,358109951;-0,011237476;0;9,062536;0,7099547;2;0,027213648;-0,1987544
0,113686524;0,139622375;1;8,985283;0,05759675;5;0,460006535;0,07382134
0,282097429;0,125503644;1;10,87085152;0,170442268;5;0,343220472;0,13764824
0,8181012;0,216101;1;7,447923;0,43273586;4;-0,119663365;-0,194369778
0,455853134;0,04914948;0;7,459069;0,471828461;3;0,07001453;0,049833983
0,160356224;0,08301176;0;6,45209;0,113065451;3;0,15743567;0,268920481
0,2710136;0,04476575;0;8,950013;0,431723267;3;0,435010374;0,181820139
0,2415629;0,0845028;1;10,37174;0,2106685;5;0,323620141;-0,006076226
0,3401299;0,0740714;0;5,763704;0,350551069;2;-0,015498027;0,272618
0,09315828;0,191889077;1;9,05745;0,044283595;4;0,3694191;0,277097642
0,439137131;-0,08763508;0;8,357134;0,5952427;3;-0,043143366;0,08744223
0,2810523;0,047974654;1;9,039576;0,2614843;5;0,143934622;0,08615594
0,7578724;-0,0463292;0;6,882455;0,9036842;2;-0,5919271;0,10285943
0,234047547;0,1088986;1;8,712494;0,157755718;5;0,6180895;0,116912715
0,233073547;0,154025346;1;10,74304867;0,201669812;5;0,278007567;0,146754041
0,265096754;0,06894945;1;7,478559494;0,138052016;5;0,445672;-0,4120839
0,149096414;0,08191006;1;9,257329;0,135234237;5;0,229825571;-0,04603672
0,246015042;0,122165412;1;10,22252274;0,173072517;5;0,223067671;0,149142861
0,186500564;0,232986242;1;7,274895;0,06280478;5;0,3743027;-0,1672245
0,0907431;0,034881145;1;7,295620441;0,07384567;4;0,360149264;0,1872498
0,240131363;-0,0371959;0;9,565775;0,347727627;2;0,397761554;0,019569734
0,241143078;0,106283031;1;9,316051;0,1982801;5;0,169015467;0,05969857
0,196569428;0,144332811;1;8,419543;0,07489923;5;0,4553949;0,07962566
0,2378824;0,1388518;1;9,758751;0,117847666;5;0,5882626;0,110640272
0,154714972;0,08820236;1;8,433163;0,1421502;5;0,499152362;0,132458091
0,523054;0,05777396;0;5,316987;0,8025708;2;-0,143418923;0,23210676
0,303630918;0,232760027;1;7,274757;0,101695523;5;0,7465466;-0,007698608
0,119566724;0,1704361;1;9,84353;0,05450478;4;0,309650481;0,3648727
0,2229522;0,07665918;0;6,727914;0,2088948;3;0,318947;0,237765953
0,225294068;0,1053423;0;6,980582;0,274452835;3;0,257861376;0,349110246
0,038356494;0,2897353;1;12,70141792;0,022670686;7;0,777862549;0,129766956
0,2628467;0,09467153;1;7,673316;0,260178864;4;0,3708394;0,148905113
0,215145752;-0,007182087;0;7,540515;0,424795359;2;0,292141944;0,3856147
0,188215673;0,185066417;0;7,715877533;0,15668425;3;0,300833225;0,5158852
0,3070128;0,07437892;1;10,01637;0,3595994;4;0,161782444;0,07703208
0,009117433;0,000729395;0;6,081762;0,001543023;3;0,303063452;0,363420874
0,09288906;0,124895863;1;7,447675;0,045396883;4;0,219288915;0,07437117
0,09225666;0,06905122;1;9,482697;0,05902055;5;0,22725445;0,168083116
0,242709056;0,08402829;0;6,977323532;0,2364875;3;0,05460718;-0,05677915
0,166470155;-0,010325084;0;7,696192;0,129859865;2;-0,8027066;-0,07707845
0,132578284;0,08962609;1;7,321316;0,135609418;4;0,450947434;0,289444238
0,345432;0,129049674;1;8,935764;0,2738757;5;0,7437179;0,023230692
0,05815667;0,209613428;1;9,681781;0,032821007;4;0,927786;0,373767138
0,42005676;-0,199621573;0;6,436150551;0,312765658;3;-0,2459792;0,008514664
0,171486348;0,169959545;1;8,799869;0,02092409;5;-0,149352685;0,227132171
0,1679853;0,115052827;1;9,96383;0,125986934;5;0,4344342;0,115665354
0,190378651;0,039796337;1;9,891263;0,2054596;4;0,29285422;0,202141985
0,1485753;0,022557667;0;8,364554;0,215887114;3;0,276684761;0,142770991
0,154856741;0,166082218;0;7,157639;0,105353922;3;0,310483038;0,269612521
0,198160335;0,0700714;0;6,391077518;0,248495728;3;0,5191186;0,08007736
0,2379219;0,258548439;1;10,5415144;0,0723194;6;0,3545114;0,134789333
0,09385899;0,08474631;1;7,724668;0,04721756;5;0,274537534;0,159720987
0,273644239;0,0767586;1;8,593506;0,258740544;4;0,000402851;0,125627518
0,34702757;0,062008064;0;9,889541;0,6386955;2;-0,0961157;0,2475843
0,003051879;0,171991825;1;8,617334;0,001484747;6;0,8845736;0,408924162
0,519659638;0,03598299;0;5,566637;0,6232245;2;-0,015684035;0,01731283
0,231644362;0,244750321;0;9,075706;0,3068267;2;0,053378236;0,240005359
0,2606154;0,10231968;0;7,793297;0,242985427;3;0,402263969;0,12901026
0,406893462;0,1003217;0;5,318326;0,293945581;3;0,3171726;0,056915045
0,212924719;0,176082611;1;9,952611;0,09120109;4;0,180479676;0,3257828
0,165052488;0,131195575;1;8,006568;0,06623826;4;0,443721;0,2960039
0,339366436;0,088527;1;7,925233;0,263633;5;0,456649035;0,11849571
0,164508179;0,10343387;1;8,035158;0,131362453;4;0,570818961;0,2785305
0,4317191;0,01712862;0;7,634724;0,4653938;3;0,431251943;0,128853947
0,410191655;0,200783849;1;8,483838;0,117061391;5;0,8467188;-0,02544284
0,06755306;0,05014421;1;11,37016296;0,06041508;5;0,215450674;0,15357554
0,4767204;0,07608449;0;7,057382;0,2007431;2;-0,260958433;0,19816035
0,160057425;-0,043737665;1;7,569463;0,105441891;5;0,6710479;0,099363
0,4253689;0,102138855;1;8,397734;0,2876475;4;0,127416223;0,140112087
0,5283036;0,035568975;0;6,587412;0,3937714;2;0,006501847;0,056991976
0,0918349;0,21303;1;11,30849361;0,045356374;6;0,6598624;0,054966055
0,128083989;0,153284118;1;8,596743;0,07428876;5;0,553867161;0,162241712
0,3328248;0,074273326;0;8,695674;0,230065539;3;-0,012204914;-0,04785611
0,137252554;0,14097181;1;7,652023;0,076644115;5;0,4428914;0,275704861
0,08005816;0,219615668;1;8,048117;0,03438402;4;0,5575573;0,12822476
0,388845026;0,09637871;1;8,22309;0,33754614;5;0,100374959;-0,030539246
0,179474473;0,07405782;1;8,912918;0,117816649;4;0,3724977;0,029957244
0,3036996;0,129309252;1;7,07387;0,155541524;4;0,2514801;0,100066118
0,105823673;0,1985075;1;9,46667;0,04672925;6;0,8067996;0,18442598
0,257015735;0,200696766;1;9,216166;0,2515506;4;-0,5300948;0,006193194
0,0923502;0,2545886;1;10,03238106;0,035925902;7;0,3135669;-0,011487616
0,164363027;0,1143214;1;8,415825;0,190728948;4;0,133638635;0,127393842
0,180072129;0,119509377;1;9,263587;0,136868879;5;0,461986661;0,08918546
0,2174669;0,058926575;0;7,565577507;0,3833619;2;-0,237192884;0,185380265
0,050068304;0,2613942;1;10,56684494;0,01610978;5;0,619634;0,2475473
0,19061777;0,065648735;1;7,777698;0,213796631;4;0,4921193;0,4539073
0,545894444;0,09769842;0;6,893419;0,5108686;2;-0,0805397;0,2497193
0,214103341;0,122810833;1;11,42008591;0,148932233;5;0,403960347;0,09937777
0,360349655;0,102397241;1;7,597593;0,2343507;4;0,6071194;-0,004329474
0,2098644;0,191310421;1;7,774604;0,07227651;4;0,6392454;0,056826416
0,4241771;0,046053316;1;10,0898428;0,4254289;4;0,04299468;0,08915227
0,2543642;0,09142972;0;7,068533;0,2096844;3;0,2254653;0,376641959
0,3826303;0,034337617;0;5,56894;0,645064354;2;0,196132645;0,03586151
0,2053466;0,152270719;1;6,606824398;0,1262414;4;0,1912926;0,008284044
0,187506273;-0,000678097;0;8,744217;0,3506078;2;-0,09351873;0,05365335
0,120183676;0,3487853;0;8,017218;0,07368228;3;0,49481;0,442706168
0,310670435;0,09174494;0;8,255153;0,293964475;3;0,2924308;0,463495851
0,240405217;0,104092978;0;7,45878;0,109293744;3;0,245068744;0,406437546
0,001100093;0,04460294;0;8,458408;0,001859942;3;0,173024282;0,193647236
0,5015361;-0,019749835;0;9,035511;0,558841646;2;-0,243471578;-0,000438885
0,046273157;0,238190442;1;10,83000565;0,014797373;7;0,7016975;0,3232917
0,145090565;0,06776343;1;10,22119236;0,142789;5;0,307549357;0,018421248
0,131357729;0,06440323;0;10,80210304;0,178482547;3;0,06518824;0,15886566
0,10828793;0,05329517;1;7,004152;0,1210272;4;0,326213837;0,39353916
0,420607656;0,05138349;0;7,20934;0,5091877;3;0,213785157;-0,024165837
0,328862548;0,0998832;0;7,325377464;0,246747971;2;-0,185435772;-0,03410249
0,298246175;0,117692411;0;5,870872;0,181016847;3;0,7492898;0,586624861
0,46312356;0,1632796;1;9,227905;0,2184767;4;0,254385561;-0,09138021
0,335862547;0,026392564;0;7,632689;0,453534335;3;0,324368447;0,455349535
0,2090361;0,09939221;1;7,742475;0,183510274;4;0,187707335;0,192322746
0,219459236;0,120061643;0;8,687273;0,22881937;3;0,04384982;-0,047772486
0,2341381;0,1359549;1;9,674238;0,121777564;6;0,6693165;0,008599538
0,195052788;0,120818332;1;6,67925;0,128645226;4;0,41623795;0,045297734
0,4637363;0,104665443;1;8,007697;0,335055947;4;0,03928709;0,024836037
0,353090525;0,09935553;1;11,01127434;0,346323;4;0,211405143;-0,012157016
0,7247656;-0,249210864;0;6,330209;0,378728032;2;-0,6472874;0,481373668
0,22314924;0,016523216;0;7,55969;0,165235728;3;-0,4907223;0,313780159
0,1417354;0,105932355;1;8,428274;0,1596347;4;0,429762632;0,1680294
0,108089522;0,02172792;1;8,015162;0,118998684;4;0,09739746;0,0541479
0;0,276456952;0;7,314855;0;3;0,351581126;0,5975249
0,265977383;0,09941766;1;8,57533;0,204540238;5;0,5328431;0,252998084
0,22094804;0,030680396;0;6,948078;0,184814915;3;0,559590757;0,333445668
0,2643608;0,120549373;1;9,591875;0,09529682;6;0,390817225;0,206645027
0,264103383;0,16561614;1;9,176681;0,159554467;4;0,6040025;0,190513715
0,148019254;0,166773483;1;8,486271;0,11037337;4;0,9799219;0,269285619
0,179714531;0,107626878;1;10,52441311;0,153537452;4;0,206350923;0,039684255
0,3051771;0,107071623;0;6,288824558;0,154578716;3;-0,06603665;-0,056356534
0,15317063;0,2412948;0;7,158592;0,08669379;3;0,191871747;0,6286123
0,3525516;0,044217397;0;6,800272465;0,2866826;3;0,3053582;0,0693087
0,228849366;0,165480822;1;7,862843513;0,220799416;4;0,4856865;0,4033074
0,143059716;0,191921234;1;10,67459106;0,063288145;5;0,495705366;0,0809902
0,3826581;0,08719052;1;8,304668;0,3611832;4;0,20692578;0,20781897
0,3713051;0,11812938;0;6,604002;0,261253953;3;0,4387218;0,268870831
0,07466926;0,08043178;1;10,03499794;0,104714066;5;0,327083826;0,179774374
0,251493424;0,0650553;0;7,720505;0,244461924;3;0,2275325;0,134127885
0,1408169;0,176784337;1;10,97842216;0,152160287;4;0,219489083;0,043125834
0,377975941;0,130344778;1;9,44478;0,2728503;4;0,367385924;0,177482277
0,169931561;0,16662553;1;8,55237;0,107826464;4;0,230265766;0,217119634
0,328972965;-0,018232167;0;8,497218;0,3910901;3;0,221519649;0,050832365
0,250803024;0,1592379;1;7,860185;0,122055881;5;0,181722179;0,044528533
0,12714307;0,144523188;0;7,526347;0,06210715;2;-0,7695221;0,137749761
0,3381296;0,135470569;1;9,926237;0,192283317;5;0,75971365;0,060469244
0,04724672;0,05969011;1;11,38566;0,059432566;4;0,187175214;0,162288442
0,10723199;0,07473546;1;10,54193783;0,079655245;4;0,09157848;0,09487703
0,2456795;0,08269455;1;6,822129;0,284721464;4;0,3800519;0,036681525
0,143233836;0,1333931;1;10,51884079;0,09235494;5;0,435001373;0,249211565
0,1805654;0,172801018;1;9,999338;0,104478955;6;0,8467058;0,172720745
0,1518785;0,03088779;0;8,492942;0,12911965;2;0,1346173;0,243180454
0,3353961;0,0899424;1;6,898746;0,138024464;4;0,3703109;0,500710249
0,118948959;0,244235367;1;9,960198;0,0400547;6;0,826159;0,09150295
0,2676972;0,08331677;0;6,957823;0,241291866;3;0,264054984;0,23992905
0,119330138;0,192011;1;10,51442;0,07002026;4;0,125501409;0,4314567
0,09642191;0,222872034;1;9,36564;0,0576405;5;0,4515338;0,08666673
0,05806696;0,07925099;1;8,70417;0,0474212;4;0,2343484;0,198222056
0,3830256;0,08431964;0;8,424092;0,5489839;2;0,233183041;0,172956973
0,489502639;-0,02965756;0;9,170976;0,571719646;2;-0,18813698;0,123929881
0,343469828;0,09831802;0;7,460022449;0,318009;3;0,38916564;0,320938647
0,308045149;0,111595161;1;8,123491;0,266621262;5;0,3767644;-0,09017707
0,402820438;0,0869093;1;8,755029;0,2845757;4;0,203481331;0,104765892
0,1378645;0,05710406;1;8,390722;0,07461648;4;0,08090337;0,120497428
0,3184668;0,075871825;0;6,322633;0,236935869;3;-0,119477309;0,250834852
0,2287143;0,119946048;1;7,647744;0,2229341;4;0,07685914;-0,007280216
0,308181673;0,131824777;1;9,005527;0,258398026;4;0,031728137;0,125382513
0,189865425;0,192752644;1;8,977047;0,08482518;5;0,285912246;0,2541671
0,267971069;0,08537953;1;9,044522;0,273856878;4;0,3055953;0,028189166
0,373639226;-0,384169161;0;4,682640553;0,37886253;2;-0,4804977;0,331808746
0,160606772;0,07108201;1;10,33270168;0,208344162;4;0,143508509;-0,012421816
0,267576128;0,09306478;0;8,760986;0,2773473;3;0,0794229;0,3282861
0,399846643;0,004216983;0;8,633375;0,431259841;3;0,136860266;0,021468276
0,129370719;0,287575334;1;9,449436;0,08192955;5;0,6661791;0,3944443
0,112762369;0,289911151;1;9,629577;0,08395792;5;0,3850161;0,08786578
0,225512639;0,07778306;0;6,645013;0,279807359;3;0,3219116;0,240848243
0,143723577;0,136601374;1;7,765442;0,154411763;4;-0,183118179;0,281716
0,4296718;0,06879183;1;8,5741;0,3095461;4;0,155540451;0,190067634
0,2964419;0,166361973;0;6,908058;0,333058536;3;0,4935336;0,0754566
0,1660104;0,0957632;1;8,48103;0,15784359;4;0,24080655;0,3272041
0,5563024;0,022138672;0;8,864888;0,6221321;3;-0,1881262;0,0483522
0,146296516;0,111047111;1;9,230241;0,117163658;5;0,7185808;0,192374155
0,236533239;0,09357079;1;7,55081;0,138252854;5;0,4846742;0,310445726
0,4740588;0,140142456;0;6,276008;0,2654965;2;-0,259973556;0,162895143
0,140656829;0,119366236;1;9,013728;0,109457642;5;0,417733043;0,2101686
0,278067559;0,129443869;0;9,840601;0,211025715;3;0,0423722;0,3161865
0,231306285;0,101139456;1;7,9884;0,177248;4;0,3134815;0,11382357
0,3224894;-0,003999445;0;7,712098;0,4212443;2;0,2625828;0,135872424
0,1639613;0,209222436;1;10,39090157;0,050485995;5;0,6323636;0,033031803
0,371989548;0,07771359;0;5,896082;0,3891183;3;0,1975441;0,295929223
0,15256241;0,102122232;1;10,84540749;0,09460189;7;0,32396546;0,114387788
0,06704962;0,2162097;1;9,022455;0,045357496;4;0,290046334;0,237632751
0,116973057;0,2294601;1;11,99784851;0,1350464;5;0,269460469;-0,016327254
0,2286346;0,121697523;0;7,554255;0,221912548;3;0,126679674;0,2512431
0,157283649;-0,033595443;0;7,482513;0,194984;2;0,497185558;0,4154981
0,07834453;0,07514701;0;7,463053;0,09691048;3;0,34429276;0,187990919
0,443197042;0,1017457;1;8,611081;0,32951507;5;0,429507941;-0,015871946
0,2895569;0,09278195;0;7,111267;0,362957269;3;0,2526883;-0,008516939
0,5264385;-0,04516271;0;6,743876457;0,7096737;2;0,06699722;0,07751648
0,2111853;0,04708076;0;7,310646534;0,186826915;3;0,390081763;0,156924412
0,180368945;0,147339523;1;8,173688;0,08812373;4;0,3266155;0,124066964
0,395403653;0,183220372;1;10,94625187;0,145276964;6;0,189152732;-0,07655176
0,123540848;0,2662453;1;7,585285;0,09680571;4;0,402152866;0,121697567
0,241202146;-0,04538369;0;6,726577;0,217401624;2;0,009786777;0,462181
0,182765275;0,07185923;1;9,993968;0,199125245;4;0,062548704;0,06837291
0,347328454;0,0903054;1;9,865443;0,349754035;4;0,303054;0,05306816
0,191857725;0,112774685;1;8,338096;0,0620515;5;0,048198294;0,102480322
0,305807143;0,07033394;1;6,876347;0,142485514;4;-0,006228454;0,217093259
0,436646253;0,045829136;0;9,756783;0,624307752;2;-0,3596037;0,106103122
0,1656096;0,17299065;1;8,517833;0,06584976;5;0,440211266;0,275286734
0,566955745;0,048255205;0;8,76704;0,336521447;3;-0,04348236;-0,049862694
0,225660533;0,101572938;1;8,986446;0,1695976;4;0,170350567;0,1553408
0,025789972;0,1714734;1;8,505966;0,011881839;4;0,185572773;0,180459663
0,307747751;0,06295379;0;7,268645;0,4750648;2;0,5664583;0,3948644
0,3622195;0,07915483;1;8,655362;0,4626844;4;0,138473138;-0,014874204
0,5153477;-0,059691276;0;6,712568;0,319920063;3;-0,5000343;0,235689744
0,40354383;0,08044729;1;10,55623;0,3742245;4;0,339184731;-0,03563518
0,217338443;0,130330831;1;7,977721;0,053938296;4;0,4824795;0,08395716
0,329864;0,08562309;1;9,865474;0,242459282;5;0,208576187;0,05849292
0,2377012;0,043571014;1;9,159889;0,1064717;5;0,578964353;0,3279462
0,242728144;0,170267642;1;9,568657;0,071243934;5;0,384693354;0,1681194
0,426832765;0,108897664;1;8,315102;0,312146753;4;0,112618722;0,033283994
0,158681154;0,02562716;0;7,447521;0,3315153;3;-0,117488548;0,05021129
0,217292264;0,116114922;1;8,083167;0,1591904;4;0,09580801;-0,04356674
0,18338;0,135346219;1;8,626765;0,09076624;4;0,3010862;0,3704704
0,125572592;0,08449512;1;7,767349;0,103824355;5;0,5413264;0,2822147
0,2621305;0,09981085;1;8,168649;0,21003817;5;0,280866534;0,08887897
0,1403151;0,07005205;1;8,933796;0,131544441;5;0,3832466;-0,016036011
0,209912658;0,04950835;1;10,68880367;0,243556768;5;0,195918486;-0,07391233
0,380260736;0,025618488;0;6,721923;0,5968881;2;0,174271569;0,2599641
0,3005557;0,112436883;1;8,097213;0,209298328;5;0,441708267;0,268060148
0,04684371;0,204486161;1;8,491158;0,012701103;5;0,5933132;0,3279262
0,4416355;0,06454887;0;7,599681;0,5565952;3;0,206227586;0,365369767
0,142080352;0,168563083;1;10,34708309;0,1190989;4;0,3598832;-0,05266338
0,251345456;0,07783288;1;9,896675;0,255110055;4;0,4386469;0,10952986
0,290598;0,1747839;0;6,049653;0,211163849;3;0,2110854;0,013810877
0,173092037;0,194094226;1;10,31830597;0,0683167;6;0,5489545;0,06582274
0,242982179;0,165978864;1;8,533401;0,158800215;4;0,7898508;0,290689766
0,2051545;0,129630983;0;8,171854;0,136566609;3;0,100014642;0,3379338
0,4687075;0,07244898;0;8,398635;0,6136055;2;-0,8187075;0,07414966
0,205414951;0,187365115;0;9,709478;0,19708094;3;0,21581322;0,1398862
0,5321493;0,03248172;0;9,324383;0,7531822;2;-0,025548486;0,002659322
0,04388236;0,1992963;1;9,502413;0,01274496;5;0,8838213;0,454026431
0,140834361;0,07352886;1;7,875889;0,108978681;4;0,3837769;0,132242471
0,2801292;0,11095316;1;7,435664;0,173465028;4;0,331491;0,2841763
0,6419355;0,028862745;0;6,993641;0,7573114;2;-0,3031809;-0,020786008
0,1805393;0,110861413;1;8,550325;0,19492045;4;0,1826416;0,227564976
0,19129914;0,205525681;1;7,487395;0,08728007;4;0,3797545;0,333652943
0;-0,150553748;1;3,527565718;0;5;0,5362645;0,7480223
0,224231243;0,08699374;1;8,629739;0,260066867;5;0,193415046;0,003174359
0,200475872;0,07981348;1;10,58978653;0,1775605;4;0,1318727;0,1070248
0,2851295;0,07244859;1;10,16639;0,3303734;4;0,291317582;0,126428023
0,129626945;0,07063198;0;8,273226;0,14452444;3;0,169754535;0,232618377
0,345093;-0,016889546;0;6,683919;0,647930145;2;0,447470069;0,261532456
0,208197638;0,054463785;1;9,516206;0,256761968;4;0,272375077;-0,029730488
0,351949573;0,06877063;0;8,26985;0,5430495;2;0,112022914;0,105615087
0,112997562;0,178269267;1;10,65916348;0,046054393;7;0,4790472;0,119527571
0,61449194;0,651508451;1;7,496333;0,1123329;5;0,3508361;0,4614366
0,013616902;0,103290685;0;8,3913;0,013400694;3;0,3984539;0,262666136
0,179422975;0,107022323;1;10,65923405;0,1269166;5;0,345280349;0,04052259
0,250331461;0,042035483;1;10,45391846;0,273296326;5;-0,000438682;0,04915188
0,4952909;0,111002609;0;6,663238525;0,191512465;3;-0,025807817;0,0965371
0,3959756;0,06737883;0;6,931404;0,4003258;3;0,503436744;0,055966895
0,420283943;0,042889133;1;8,163751;0,522038043;4;0,224278018;0,298066318
0,224872485;0,071737625;1;8,277788;0,203081742;4;0,421364665;0,02942867
0,158698261;0,162723348;1;8,779923;0,118692219;5;0,274724334;0,2346193
0,295817435;0,10339234;0;7,010402;0,222590432;3;0,4420018;0,285721958
0,266444236;0,09787253;1;7,90616;0,2289496;4;0,322944;0,08676525
0,167099684;0,023765618;0;7,739150524;0,229933441;3;0,135075584;0,251009
0,1659176;0,144701526;1;7,970853;0,08054858;5;0,7342712;0,163200587
0,124843009;0,3775186;0;8,29434;0,06623056;3;0,2656468;0,218278855
0,280916452;0,134679824;1;12,65502834;0,166076988;6;0,3629719;-0,036197327
0,09345174;0,114814408;1;8,175797;0,05511395;5;0,8582625;0,026959896
0,181745112;0,111753911;1;8,233967;0,08762819;4;0,573464155;0,05034825
0,2727885;0,038504716;1;8,727454;0,32334578;4;0,020992367;0,110911541
0,15046072;0,08765762;1;9,569203;0,178904027;4;0,2473327;0,04958778
0,488674045;-0,11759878;0;6,320982456;0,7917839;1;-0,331311673;0,352264851
0,09842995;0,129227057;0;8,639941;0,0816155;3;0,4317633;0,391606271
0,246625662;0,1762943;1;8,333103;0,06911876;5;0,5997328;0,07293012
0,3600419;0,067644514;0;9,66148;0,3668444;3;0,08112787;0,199972674
0,259505749;0,0934106;1;9,075844;0,367979676;4;0,141433075;-0,032636177
0,147164688;0,190738872;1;9,683958;0,07023124;5;0,2604817;0,1616133
0,1999219;0,104968473;0;9,053613;0,4314398;3;0,02923779;0,27989608
0,106495932;0,139929131;1;8,741681;0,07822572;5;0,394730836;0,348881
0,198430359;0,132482141;1;9,565635;0,149306074;5;0,314601153;-0,0371032
0,6303646;0,124661528;0;6,596769;0,4785672;2;-0,1464267;0,193307266
0,162785545;0,184389949;1;8,86785;0,144422486;4;0,331326365;0,022711175
0,2618962;0,09154013;1;7,231386;0,105369464;5;0,393584341;0,060537916
0,00756165;0,09887987;1;9,176158;0,003894685;4;0,3875328;0,172724947
0,517080843;-0,013309797;0;6,182147;0,33056888;3;-0,048000753;0,1994973
0,003383581;0,016724732;1;8,396133;0,004003426;4;0,404356331;0,342806548
0,07914024;-0,009513742;0;9,311994;0,072910145;3;0,1124031;0,170895
0,05700156;0,038347114;1;9,927343;0,101369247;4;0,259582072;0,316055328
0,221705422;0,04772172;0;9,485279;0,149969667;3;-0,192972586;0,209101617
0,3569676;-0,048002973;0;6,787164;0,236858845;2;-0,267865;0,256267548
0,126523629;0,09557638;1;7,913829;0,045281526;4;0,06889857;0,1620872
0,319551557;-0,14886649;0;5,73704;0,259610772;2;0,264444351;0,7079464
0,250738233;0,146134153;1;8,172964;0,15684925;5;0,5367175;-0,02023534
0,116305374;0,2102995;1;10,15925217;0,1317959;5;0,3690486;0,074988455
0,058838535;0,205506667;1;12,63372612;0,06048805;6;0,4289528;0,0588932
0,229291171;0,289981425;1;8,64362;0,07868782;5;0,8922657;0,432356745
0,279988557;0,0873448;1;6,829086;0,23819083;4;0,33927083;0,277112
0,9992067;0,057309;0;8,55177;0,5915176;3;-0,340730667;-0,043451734
0,278250635;0,09892735;0;7,239119;0,249319822;3;0,280609846;0,208353162
0,398667037;0,05580313;1;9,836599;0,526738942;5;0,09196672;-0,017786015
0,2099866;0,181499049;0;8,642287;0,192895651;3;0,299834043;0,1610735
0,1526685;0,159360155;1;8,016611;0,048698016;4;0,422091126;0,207673
0,320008576;0,0846573;1;8,761949;0,3099592;4;0,412185162;0,100884713
0,201108024;0,07523952;1;10,07991695;0,177990571;4;-0,012780663;0,1120822
0,278373718;0,163129538;0;7,729172;0,211064741;3;0,285992444;0,062270656
0,326454133;0,1055285;0;7,947894;0,2411149;3;0,2707346;-0,00692609
0,534169137;0,08887106;0;7,735162;0,5981333;3;0,148561209;0,09716746
0,001617807;0,147188276;0;7,563966;0,000547256;3;-0,09649517;0,313716233
0,222723559;0,116853237;0;7,826937;0,193142653;3;0,312000275;0,006487363
0,335222632;0,06793165;0;9,603067;0,5218932;3;0,07417448;0,01922133
0,257750362;0,06301594;0;6,088523388;0,2815453;3;0,197910815;0,317804575
0,2621615;0,07086343;1;8,626837;0,22451815;4;0,013664994;0,115796588
0,2642128;0,205034435;1;10,30624866;0,09905289;5;0,348135829;0,003870815
0,18971467;0,046852477;0;8,69171;0,241613656;2;-0,002388381;0,207649469
0,453809053;0,000455083;0;7,22759;0,693858147;2;-0,0016383;0,178301632
0,7276791;-0,01800169;0;8,192294;0,7195943;1;-0,9958922;0,029237647
0,258581877;0,09429516;1;9,313528;0,145269945;5;0,365398139;-0,104705967
0,339518458;0,07053463;0;6,425363;0,315082937;3;0,276831925;0,213970616
0,8582052;0,10572125;0;6,065616;0,662731349;2;-0,042757597;0,001864241
0,8336333;0,106930584;0;6,050502;0,7689145;2;-0,0832273;0,250539958
0,470160961;0,1122174;1;10,71130276;0,362010539;5;0,08902644;-0,112883352
0,2834328;0,036891926;1;7,447247;0,138725623;4;0,50192976;0,119970724
0,419422448;0,07590035;0;7,795224;0,3930207;3;0,06511553;0,291979432
0,183601514;-0,157872722;1;9,584411;0,13881816;4;-0,5167118;0,032928497
0,254213572;0,160918862;1;7,41344;0,200200438;4;0,2110087;0,1711128
0,171819061;0,08532289;0;7,316159;0,145641282;3;0,08106096;0,4079516
0,09442394;0,157703355;1;8,248509;0,0488304;4;0,4054242;0,410126448
0,187437415;0,174754754;0;8,267999;0,235964626;3;0,2027524;0,3944412
0,07390413;0,12985079;1;7,078439;0,052860264;4;0,5828447;0,022687417
0,3046201;0,045780696;0;6,727533;0,178123787;3;-0,5329391;0,322715431
0,314026833;0,241908282;0;7,356759;0,103753038;3;0,09481249;0,01682261
0,404131353;0,171824649;1;7,500058;0,164978534;4;0,469628066;0,193467662
0,232455432;0,16249527;1;8,819101;0,158840746;4;0,166366756;-0,076394565
0,252426445;-0,029220598;1;5,527812481;0,108644389;4;0,3242839;0,2982205
0,3700675;0,06330362;0;7,564899;0,32610926;3;-0,06351993;-0,05168969
0,280849546;0,115200989;0;7,703313;0,23793593;3;-0,08622361;-0,0558791
0,131994829;0,07926873;1;9,685356;0,153195277;4;0,046494506;0,226492345
0,263954669;0,1742057;0;7,137257;0,228037938;2;0,1592637;0,398328066
0,288745165;0,117994592;0;6,241266;0,223832443;3;0,05521272;0,133594841
0,5970616;0,06592388;0;8,776779;0,541760564;3;0,09598935;-0,02492751
0,4134713;-0,032211896;0;6,772514;0,755277;2;0,126175135;0,318984121
0,6820946;0,08707286;0;6,467397;0,440850258;2;-0,4316432;0,150316864
0,02760829;0,199143186;1;10,93146229;0,009059733;5;0,545069039;0,076983
0,2047734;0,112258062;1;7,829586506;0,095082;5;0,4758267;0,111129768
0,206866;0,129589692;1;8,566059;0,07472843;4;0,3106841;0,312416971
0,388308257;0,27585876;0;7,097181;0,09573;3;-0,4713119;0,317697823
0,226288542;0,368623078;0;8,337855;0,111085765;3;0,1976395;0,11772608
0,17222777;0,17449905;1;7,074979;0,12191809;4;0,034360386;-0,123243049
0,100935109;0,05116403;1;9,699661;0,115814663;4;0,259659827;0,18702
0,10106837;0,06458857;1;9,566542;0,06199024;4;0,4932032;0,174027488
0,3655396;0,242198974;0;5,872053;0,192904979;2;0,06129041;-0,05891048
0,321947664;0,024867604;0;7,856568;0,1477379;3;-0,05663326;0,07090947
0,159368142;-0,109106973;1;10,84053;0,213942274;5;-0,499068946;-0,06296454
0,21864368;0,1676081;1;9,281823;0,192692235;4;0,2606613;0,04201764
0,29751277;0,1741834;1;8,110006;0,1447686;4;0,368078858;-0,04793849
0,15282701;0,10227333;1;10,22386456;0,105451554;4;0,176681966;0,03682472
0,3214316;0,05942435;0;9,039958;0,509797633;2;0,035029985;0,028952474
0,151976913;0,08740619;1;8,902671;0,0967043;4;0,265193164;-0,0811825
0,199074924;0,139274284;1;9,0601;0,08319499;5;0,348381221;-0,001237658
0,202600777;0,225227565;1;8,934192;0,107459784;4;0,414876461;0,16405721
0,213044524;0,08977592;0;9,76587;0,2740481;3;0,1866029;0,249181539
0,245838284;0,07018761;1;7,80131;0,173300177;4;0,325703532;0,156922981
0,420093447;0,09339119;0;9,83124;0,5167629;3;-0,02857143;0,115620829
0,141031221;0,174340352;1;9,621566;0,107949331;4;0,3245703;0,006100228
0,172699064;0,034060106;0;6,618624;0,379541337;2;-0,06409788;-0,017228575
0,16432412;0,171748966;1;11,30666351;0,144426346;4;0,214128569;0,029668786
0,12863332;0,147366941;1;6,95012;0,06867606;4;0,436682;0,156090751
0,3394811;0,159905031;0;7,400578;0,248107955;3;0,175405473;0,264694154
0,5269508;0,02042175;0;5,959409;0,5194091;2;-0,160323158;0,022015586
0,3181292;0,09767264;1;9,747469;0,275787383;4;0,239331946;0,1555885
0,102719165;0,143983841;1;8,046421;0,07651275;4;0,5428284;0,4716517
0,06910583;0,178591564;1;9,68526;0,030989125;4;0,4710758;0,216846049
0,220364273;0,07470673;1;9,071424;0,160192177;5;0,372350276;-0,00504219
0,262094378;0,2161726;1;7,748978;0,04952018;5;0,4400982;0,274197519
0,5371877;0,08698207;0;6,359990597;0,75004;2;0,016956082;0,1924164
0,2745886;-0,121133149;0;9,746202;0,5434282;3;0,027411804;-0,031405337
0,127051;0,262434542;1;8,188263;0,052548014;4;0,5284988;0,05045542
0,282013476;0,170103952;1;8,255101;0,153849125;4;0,133802429;0,002743612
0,1732145;0,179473966;1;8,805964;0,08739717;5;0,364352554;0,161441222
0,110484689;0,171479777;1;10,83845806;0,10605064;6;0,35392946;0,189026669
0,398086667;0,09812839;1;9,643617;0,234600082;5;0,361913323;0,09315398
0,133711368;0,246485248;1;9,866564;0,0549455;5;0,3982485;0,09042714
0,4013847;0,022560904;1;12,08596325;0,6484546;4;0,126869753;0,141530111
0,340604872;-0,000699375;0;5,006085;0,293744326;2;0,4321345;0,0807506
0,3421647;0,173566163;1;9,693416;0,158711776;5;0,18124342;0,06262231
0,1647676;0,04032181;0;7,944489;0,231007576;3;-0,069343135;0,032859627
0,5411728;0,08176233;1;10,49772453;0,522232;4;0,08955318;-0,013102797
0,144249171;0,05275797;1;11,41830254;0,164298773;6;0,223629728;0,080853775
0,279199421;0,205806762;0;8,183466;0,2657726;2;0,224692017;0,237535447
0,133711368;0,246485248;1;9,866564;0,060500454;5;0,3982485;0,09042714
0,5634241;0,06378867;1;7,239031;0,314718276;4;0,000663163;0,012863592
0,464832;0,09774299;0;6,819407;0,3993658;3;0,239175633;0,013369475
0,316442937;0,235313877;0;6,546755;0,155895784;3;-0,02766632;0,288188636
0,194908112;0,09901431;0;7,773089;0,113702953;3;0,264946252;0,149388283
0,367573649;0,08634062;0;7,648778;0,3542382;3;0,182477444;0,0728884
0,3679358;0,058562405;0;7,470395;0,2902032;3;0,162625924;0,021598088
0,428145736;0,115509912;1;8,094625;0,3185845;4;0,117630035;0,1252245
0,5383573;0,048085544;1;8,869398;0,457359254;4;0,031636253;0,001496276
0,252503365;0,177844331;0;6,322877407;0,126980737;3;0,196386352;0,09642016
0,256443173;-0,015179308;0;7,778923;0,2701591;3;0,5216454;-0,08571035
0,3870307;0,04296194;0;7,420533;0,424343765;3;0,144065291;0,13409628
0,009653256;0,02835644;0;5,188675404;0,003849151;2;-0,46025613;0,438090771
0,4759201;0,06666667;0;6,738271;0,2934515;3;-0,22790046;0,401962847
0,189149067;0,08601953;0;6,555997;0,151841551;3;-0,2936946;0,307984561
0,4103301;0,06087893;0;6,589991;0,238539785;2;0,036933955;0,118106991
0,4713161;0,126164228;0;10,10459;0,3319137;3;0,218627676;0,059392575
0,427846551;0,03749442;0;4,550788;0,193511114;2;-0,024786396;-0,05285945
0,024252627;0,195936516;1;8,084311485;0,006897923;4;0,5192195;0,1915732
0,29384768;0,05154297;1;7,028999;0,3167338;4;0,007539041;-0,005889989
0,2700397;0,042399034;0;6,835387;0,342444;3;0,24467504;-0,035392154
0,239017248;0,115082383;0;5,714841;0,156372249;3;0,218733251;-0,015095464
0;0,08174934;0;7,721891;0;3;0,214953229;0,497811943
0,409593463;0,101999328;0;8,076144;0,307112336;3;0,2051651;0,120092832
0,387303144;0,018145438;0;10,87222195;0,439283669;3;-0,457885534;0,025793543
0,017849112;0,221409976;1;10,61348248;0,006134803;5;0,5851197;0,416225642
0,4238769;0,105071709;0;8,226392;0,317348421;3;0,0952118;0,121194609
0,4385718;0,230352372;1;8,650128;0,209566236;4;0,07860419;0,027866393
0,157399982;0,174138725;1;8,796528;0,07675174;4;0,2826591;0,011332595
0,601679;-0,07799465;0;7,099938;0,310906768;2;-0,1906402;-0,08150025
0,16412136;0,142129913;0;9,549595;0,235626251;3;0,019038891;0,211973116
0,5441615;0,109909959;0;7,295803547;0,387814462;3;0,24322328;0,1460581
0,182086334;0,006402878;1;7,126007;0,055285305;4;-0,307014376;-0,04
0,25057888;0,109550439;1;8,531924;0,2436725;4;0,5285727;0,09781992
0,138858914;0,152006134;0;6,354443;0,059230715;3;-0,154831529;0,348704278
0,179938719;0,059687734;1;7,026571;0,06235343;4;0,222364351;0,191798463
0,250581264;0,194730237;0;7,97665;0,227170363;3;0,285912961;0,264626145
0,005192336;0,03277683;0;7,792555;0,002862589;3;-0,123767249;0,123706415
0,174396;0,018105367;0;6,204152;0,4108768;3;-0,14304252;0,03886393
0,5046546;0,154955059;0;6,733004;0,162465259;3;0,05603334;0,07207329
0,313393623;0,128209487;1;8,136603;0,18977505;4;0,563510954;0,033753783
0,237030074;0,011327534;0;6,7671;0,2546577;2;0,07068219;-0,00311065
0,166877076;0,2388736;1;11,88589668;0,124990292;6;0,3667188;0,09727351
0,48682493;-0,010401367;0;4,825766563;0,5696718;2;0,02433715;-0,26090315
0,009984671;0,128278464;1;8,455592;0,0017903;4;0,2597285;0,134518892
0,354545;0,104650661;0;7,281888485;0,208428025;3;0,23840645;-0,00294096
0,272186428;0,112193272;0;5,948447;0,201242566;3;0,1635774;-0,119144782
0,388947248;0,05911959;0;6,686914;0,4849316;2;0,1585387;0,196339652
0,3929521;0,225248426;1;7,030896;0,16527766;4;0,8432426;0,182697579
0,165993065;0,04665442;1;10,68400478;0,202700227;4;-0,7614452;0,007144315
0,458480865;0,0770026;0;5,85769;0,3494127;2;0,178082153;0,019427687
0,4139849;0,07881001;1;8,797866;0,360418;4;0,277937621;0,15373452
0,328567356;0,122199982;1;8,943245;0,167998224;5;0,263559252;0,012582214
0,376684338;0,111763157;0;7,030031;0,301473677;3;0,332582;0,295945644
0,2223079;0,1157543;0;6,876058;0,1650536;3;0,273091763;0,155230016
0,219646737;0,06852792;0;8,603316;0,3612291;3;0,134802654;0,21387133
0,2464617;0,119692534;1;8,745603;0,09135994;5;0,418618828;0,140556365
0,12608327;0,155704916;1;9,503176;0,06438071;5;0,4775303;0,2752744
0,325136721;0,004556926;0;8,74565;0,510350168;3;0,07911526;-0,010323191
0;0,2705657;1;8,66726;0;4;0,7782717;0,320033759
0,2964811;0,06624212;0;7,775192;0,316436172;2;0,06368172;0,248555675
0,198137164;0,116973341;0;6,600325;0,114976034;3;0,08729824;0,14136979
0,305830747;0,101453215;0;7,230305;0,248085365;3;0,113327131;0,325138748
0,5744088;0,01393616;0;6,759744;0,6636152;2;-0,09744021;0,287649632
0,262587;0,1662787;1;7,173809528;0,12018282;4;0,266341;0,239763573
0,366978;0,1080075;0;4,792081356;0,287790954;1;0,06269034;-0,07359029
0,3781437;0,044941675;0;6,048983;0,505059;3;0,08743428;-0,013196197
0,257138729;0,08408907;0;6,992804;0,251344383;2;0,2326633;0,156954154
0,405180067;-0,224210754;0;7,730702;0,8449937;2;-0,274010658;0,105602488
0,3424928;0,08642316;1;6,87936;0,368941069;4;0,250868857;0,2049068
0,09589801;0,07667395;1;8,657594;0,129176989;4;0,0110757;0,126495242
0,351618052;0,111188836;0;8,447906;0,3254651;3;0,05620071;-0,048434585
0,190885946;0,07595373;1;7,406227;0,1508448;4;0,483625;0,361931175
0,471452564;0,05233849;0;6,330838;0,6567791;2;0,000406122;0,2606058
0,437304527;0,05106554;0;8,067483;0,4289188;2;0,042923924;0,21276693
0,26372385;-0,07331953;0;9,370303;0,4231164;3;-0,5099583;0,268022954
0,1712747;0,179533213;1;8,099858;0,142061949;4;0,213285461;0,2714542
0,369124;0,08448244;0;8,497638;0,30474332;3;0,275771677;-0,143195167
0,376748264;0,07977855;0;7,804088;0,522358835;2;-0,183449879;0,162878782
0,080263175;0,07405583;1;8,925904;0,04136245;4;0,270255625;0,274156034
0,315410376;0,199756518;1;8,164795;0,162910566;4;0,241351321;0,005985594
0,048349436;0,287560374;1;10,09175;0,015390017;6;0,5036232;0,279025763
0,5707126;0,13515532;0;7,08701;0,3451987;2;-0,01971737;0,109129049
0,401336551;0,028099807;0;5,578518;0,343024254;2;0,020603234;-0,06097372
0,454804629;0,100437887;0;6,744547;0,586872339;2;0,2266611;0,400955051
0,66381;0,122564264;0;7,011063576;0,295021653;3;0,08043958;-0,03057449
0,1527273;0,08736564;1;7,9696;0,065917075;5;-0,247370228;0,033995714
0,032260515;0,215016633;0;5,747174;0,023378693;3;0,5498173;0,272651672
0,2356063;0,07071935;0;5,801862;0,373447776;2;0,6734713;0,168804586
0,263045132;0,117383547;0;6,455576;0,31281656;2;0,214939654;0,007711942
0,1030327;0,03635286;1;7,843456;0,100121051;4;0,09990451;0,1896671
0,9718058;0,104995236;0;6,27492;0,5862265;2;-0,791279;0,138675645
0,216978028;0,172597274;0;8,232306;0,101832189;3;0,187825128;0,202697769
0,181077912;0,08282389;1;8,364927;0,176119387;5;0,199564725;0,011395315
0,5071975;0,06725934;0;7,134736;0,586443365;3;0,123017848;-0,045927674
0,2993537;0,138440356;1;8,460238;0,274949759;4;0,276002258;-0,06591408
0,203634232;0,1052755;1;9,354441;0,111875966;4;0,291793674;0,002110199
0,345698059;0,06498382;0;7,130586;0,434148;2;0,017992696;0,358173132
0,5782013;0,08974567;0;7,706622;0,3754863;3;0,107855849;-0,0342748
0,046522506;0,09632188;1;10,87682438;0,031822592;5;0,410702437;0,0894693
0,3842393;0,07614779;0;7,071773529;0,4043309;3;0,234008461;0,221372068
0,278733432;0,07759766;0;6,314797401;0,143572137;3;0,009163711;0,193825513
0,5638807;0,123423934;0;6,868347;0,3805638;3;0,146794111;0,01869961
0,171226144;0,121039167;0;7,474205;0,119901963;3;0,2464082;-0,025585515
0,2386815;0,015668888;0;4,359538;0,116442084;2;-0,616801;0,171765864
0,037619498;0,032670822;0;8,091295;0,032802105;3;0,112070821;0,2287484
0,283214957;0,156071365;1;8,862059;0,279909;4;0,298458338;0,1512212
0,25989458;0,018697474;0;6,531061;0,327268153;3;-0,159508288;0,156207412
0,70597285;-0,006398476;0;1,100277543;0,312757;2;-0,06078399;0,619315147
0,344049335;0,027607925;1;7,981289;0,3728434;4;0,278887272;0,130350351
0,2950591;0,1289142;1;7,603022;0,169888064;4;0,383298755;0,165173367
0,327198058;0,07231819;1;7,653257;0,317346871;4;0,290479153;0,177347034
0,502006769;0,031692017;0;7,457887;0,6457761;3;0,1631703;0,101758532
0,482623935;-0,00167384;0;8,288283;0,5381697;2;-0,456559867;0,073409855
0,212804452;0,196463168;0;7,598945;0,106225789;3;0,202861875;0,031856835
0,215331927;0,151140675;0;6,84112;0,10342785;3;-0,118837036;0,202693
0,203156039;0,023724923;0;8,63895;0,560855;2;-0,271360636;0,2447202
0;0,0904814;0;7,668644;0;2;-0,1187047;0,24872905
0,4816021;0,0853345;0;6,988413;0,316780239;2;-0,047969423;0,129837513
0,3316047;0,07351171;0;7,10213;0,307338774;3;0,125071421;0,15884167
0,3241414;0,08430982;1;8,908787;0,288761;4;0,4547282;0,06747996
0,3502145;0,04041075;0;6,581365585;0,2411147;3;0,167442381;0,006933518
0,205385536;0,10391669;0;7,389821529;0,131309986;3;0,04029716;0,359850734
0,332947;0,05045409;0;7,357286;0,302910149;3;0,5875828;0,393312246
0,664907;0,05551112;0;7,253092;0,5035531;3;0,08145014;-0,008344541
0,407796472;0,034911282;0;7,279694;0,249271765;2;-0,017920302;0,114060722
0,169804215;0,05431099;0;8,089391;0,214537665;3;0,3632342;0,195877254
0,588021159;0,026690707;0;6,418202;0,6285655;2;0,265191674;0,14506866
0,838355;-0,3475628;0;7,604061;0,8672441;2;-0,294465929;-0,112521008
0,155962124;0,135990322;1;8,378198;0,09262649;4;0,4133898;0,08369338
0,7418004;0,019555261;0;5,572245;0,504022956;2;-0,3485063;-0,011613515
0,3490154;0,06414372;0;5,993906498;0,1805373;3;-0,04994564;0,05757641
0,561309159;-0,08975734;0;4,029005528;0,8977842;1;-0,607930839;-0,278558731
0,3228177;0,07237857;1;9,847472;0,404608071;4;0,101666957;0,060369216
0,381317765;0,109377392;0;7,072441;0,289843947;3;0,3843411;0,06391528
0,9978528;-0,028539212;0;5,279532;0,9354723;2;-0,616488159;0,101570949
0,22414346;-0,03627622;0;7,282999516;0,317683965;3;0,229547724;0,08155266
0,144866943;0,023715733;1;9,091782;0,100661211;5;0,4588793;0,185867026
0,05717107;0,08914865;1;8,174871;0,01633674;5;0,4932;0,50630635
0,196001977;-0,002949587;0;6,229421616;0,118413031;3;-0,159668565;0,27697286
0,546374857;0,109323382;0;8,395983;0,4197134;2;0,05393735;0,050247595
0,035017144;0,119681753;1;10,40399742;0,019112486;4;0,042086717;0,07262019
0,284091145;0,134761944;0;6,299074;0,2204145;3;0,34316963;0,026825344
0,08370938;0,04622089;0;10,90737343;0,09886541;3;0,1387624;0,170069978
0,383522332;-0,049416855;0;6,8978405;0,694014251;2;0,100981437;0,4839208
0,4556992;0,0785224;1;8,93084;0,4442751;5;0,042652845;0,07333165
0,225240454;0,125859976;0;6,053276539;0,06105046;3;0,433154732;0,182987452
0,184734941;0,009963769;0;8,982184;0,259996384;3;-0,234959;-0,003003432
0,647448659;0,08368287;0;6,539683;0,653015852;3;-0,161535457;-0,00073502
0,210805;0,009444869;0;5,616571;0,1633688;2;0,1650543;0,188616768
0,145521045;0,08873955;1;7,83116;0,0860845;4;0,155106142;0,2601836
0,8009626;0,187381327;0;9,039019;0,329727739;3;-0,18662183;0,03332888
0,179349244;0,117416367;0;6,941213;0,1040741;3;0,3704387;0,288688928
0,45956403;0,135544851;0;7,57795;0,460714459;3;0,3333443;0,03127576
0,7522815;0,001846116;0;7,467017;0,537858;2;-0,266484439;0,113263316
0,205183372;0,09187337;0;7,033344;0,2623492;2;0,231171653;0,006310108
0,27104938;0,1086899;1;7,107427;0,09829871;5;0,1908741;0,280818939
0,26125893;0,04721974;1;6,560865402;0,311816156;4;0,166243553;0,03135301
0,661999941;0,07525683;0;7,997635;0,44609046;3;0,13610962;0,105843976
0;0,196744621;0;7,743299484;0;3;0,2914117;0,6424608
0,3156262;0,09003489;0;7,098376;0,385938257;2;-0,023730127;0,202171385
0,04492358;0,169634551;1;8,56054;0,028958144;4;0,247890458;0,2810426
0,1839261;0,1830511;1;8,75405;0,08833841;5;0,5694066;0,2071388
0,3912396;0,1268712;0;6,970391;0,307831019;3;0,119096272;0,07019147
0,5675066;0,0687285;0;6,569176;0,640463948;3;0,3080263;0,167221025
0,391030937;0,109089218;0;6,824958;0,324162632;2;0,029555617;0,382871449
0,206074685;0,366371661;1;8,321817;0,106228851;4;0,463337958;0,161531433
0,346636325;0,15073888;0;7,358975;0,150903836;3;0,41091904;0,08434911
0,3705825;0,09331607;0;6,320781;0,34244743;2;0,06743822;0,241346955
0,5307085;0,07950207;0;7,639236;0,312729359;3;0,055224564;-0,007936821
0,5707607;0,07955445;0;5,682647;0,551064253;2;0,022647033;0,175702
0,4005536;-0,09691785;0;7,032061;0,4433385;3;-0,111346461;-0,102866821
0,06923989;0,245945975;1;8,567443;0,013207918;4;0,2705178;0,207303867
0,4874332;0,08676642;0;9,25966;0,404755145;3;0,16574049;0,048169564
0,157170027;0,09486496;0;7,888822;0,108967356;3;0,48710537;0,3925447
0,363253862;0,11699345;0;6,24813;0,245627016;3;0,236499757;0,201370761
0,241085872;-0,147714347;0;6,338726521;0,289647967;2;-0,485970646;0,214963749
0,5427418;0,06929403;0;6,855248451;0,475991935;3;-0,044914976;0,2267278
0,4773374;0,041797966;0;6,824332;0,6650351;2;0,006498973;0,170765311
0,4319044;0,05120101;0;7,15406847;0,3570077;3;0,209516153;0,125272959
0,15267083;0,1054984;0;7,460478;0,1215692;3;0,2636237;0,05636103
0,06307977;0,2039671;0;6,619776;0,024862237;2;0,030760616;0,422611266
0,159342423;0,143271089;0;6,59814;0,04550609;3;-0,021472745;0,149732575
0,421807;0,04397793;0;6,92918;0,2445908;3;-0,094671;0,025104098
0,449225843;0,08552963;0;5,958794;0,497242063;3;0,2484204;0,4912708
0,139333159;0,165159926;0;6,788726;0,052244224;3;0,404304564;0,305587232
0,412117958;0,03284733;0;5,043644428;0,7181649;2;-0,162836462;0,04716634
0,5509927;0,05185068;0;7,759674;0,9648595;2;-0,005072742;0,08825665
0,25279215;0,08187586;0;6,432205;0,280658;3;0,167524979;-0,09083792
0,1787187;0,06036899;1;6,082059;0,226698443;4;0,289137036;0,018147767
0,18863824;0,056166355;1;7,576882;0,146075;4;0,117526516;-0,03394557
0,305065721;0,09892689;0;5,899234;0,197171926;2;0,205480844;-0,037357196
0,4022984;0,063656494;0;5,171886444;0,6432954;3;0,07371115;-0,007668872
0,5412159;0,06635751;0;5,739069;0,591873646;2;0,05420776;0,112187348
0,3165368;0,06808012;1;7,831785;0,303843647;4;0,158057034;-0,14726992
0,378950775;0,08537754;0;7,492742;0,474686563;2;0,042980373;0,326692373
0,5359355;0,1334684;0;6,36275053;0,411946446;2;0,079461135;-0,214217663
0,4889706;0,08117083;0;9,228385;0,507028043;3;0,11848066;0,05978983
0,410977155;0,0285554;0;7,024611;0,32903862;1;-0,191190585;-0,025308568
0,1259714;0,07167777;1;8,443439;0,07145528;4;0,121000223;0,271168679
0,363032669;0,04792701;0;9,439466;0,7154565;3;-0,09365977;0,120337218
0,120377712;0,04987839;0;10,26841927;0,207419872;3;0,2220451;0,2794338
0,316815376;0,1575098;0;8,074374;0,181224629;3;0,2205093;-0,07260574
0,5754979;0,020214876;0;5,452329636;0,725236952;1;-0,7264407;0,00085336
0,250656128;0,2251237;0;7,68931;0,223184571;3;0,423479259;0,2950218
0,2223876;0,135578334;0;6,091226;0,176493123;3;0,193918765;0,3017615
0,3000736;0,183166027;1;8,613178;0,13483505;4;0,242419362;-0,005992143
0,341898441;0,05107407;0;6,697018;0,301483542;3;0,06420057;0,038358472
0,5388522;0,129996344;0;7,822265;0,3799374;3;0,1277724;0,130900547
0,1695305;0,17063792;0;7,485772;0,09203502;3;0,09972058;0,3679847
0,249842063;0,1006673;1;8,733094;0,2497457;5;0,185303643;0,07861486
0,542511642;0,150175259;0;6,694512;0,260856181;3;-0,041471403;0,109850556
0,412337661;0,140692636;0;9,046644;0,07209628;3;-0,546807349;0,270562768
0,09861754;0,166866317;1;8,228524;0,04895724;4;0,4515492;0,173212036
0,516573548;0,044671036;0;7,210909;0,506740868;3;-0,05968363;0,122841246
0,3264978;0,076802805;0;6,130659;0,2488394;3;-0,018838951;0,158106685
0,467636436;0,07034036;0;7,083925;0,35340485;3;-0,280105144;0,07037247
0,2697379;0,07205259;0;7,198307;0,209068283;3;0,193286762;0,374094635
0,9027174;0,154977769;0;4,662108;0,497005433;2;-0,4320557;0,12939696
0,2676374;0,145802468;1;10,24466324;0,309469074;4;0,249500677;0,1964113
0,326430321;0,2058617;1;9,143024;0,1248939;4;0,25429976;-0,134784132
0,573665;0,048060324;0;7,766182;0,691021;2;0,06901261;0,121974118
0,4328879;0,06125748;0;6,509639;0,5659236;3;0,014316782;0,252510726
0,514306545;0,09736395;0;5,563075;0,525396049;3;0,07661001;-0,007735673
0,335321277;0,002489239;0;7,261997;0,2408407;3;-0,135870978;0,3343878
0,08696116;0,188995;1;10,31280708;0,045411617;5;-0,2577792;0,026416345
0,11077632;0,07263271;0;6,774774551;0,045040857;2;-0,289179355;0,4878423
0,4812589;0,0904365;0;8,694433;0,5389741;3;0,203126282;0,07482257
0,269581556;0,104842991;1;7,301466465;0,16454646;4;0,222635046;0,267822623
0,7263269;0,07912488;0;5,527204514;0,7151839;2;0,057707395;0,300642133
0,5633368;0,08366813;0;8,972697;0,6456945;3;0,179274112;0,09790312
0,22101298;0,07827543;1;7,766417;0,2334678;4;0,07450816;0,109250732
0,519763231;0,041608464;0;5,581366;0,472843945;2;-0,04787648;0,222470254
0,11260397;0,0403071;1;7,961684;0,100363947;4;0,381616563;0,124504156
0,537701845;-0,222776741;0;7,00562048;0,9121306;2;-0,9639169;-0,08034882
0,290936053;0,04900742;0;7,527593;0,226710156;3;-0,237410322;0,368500471
0,243777558;0,08490822;1;10,40484;0,2579306;5;0,170606181;0,19979848
0,2952692;0,1975677;1;7,517948;0,2011357;4;0,121444628;0,03957166
0,2806474;0,03978222;1;9,042593;0,30684;4;0,09455585;0,02453805
0,113477975;0,06686051;1;11,0252552;0,199296087;6;0,24645628;0,169387341
0,295645744;0,029193345;0;8,850079;0,34988454;3;-0,116031513;0,121969417
0,191704;0,03403843;1;9,566195;0,231373966;4;0,222655535;-0,004845541
0,185992047;0,09577423;1;9,983888;0,149189249;4;0,002047108;0,141541213
0,336219937;0,00076815;1;9,662148;0,4032561;4;0,317120761;0,054866
0,04178273;0,164836928;1;8,808832;0,023201996;5;0,4491233;0,325413674
0,269891441;0,09298029;1;9,421969;0,199512422;5;0,2856266;0,06629874
0,1289552;0,03668444;1;10,38411236;0,100897521;6;0,01645549;-0,02652958
0,1819653;0,05679493;1;8,494373;0,283480048;4;-0,021713216;0,01566759
0,1421915;0,1315908;1;10,38009453;0,06276096;7;0,553298;0,105920456
0,316324562;0,027604358;1;9,324424;0,362167031;4;0,359565049;0,054050576
0,169243366;-0,012566449;1;7,858003;0,05776648;5;0,4607209;0,2697357
0,201844558;0,09093238;0;8,520206;0,194288462;3;0,248207;0,166752219
0,355466;-0,013665032;1;8,520786;0,4422292;4;0,177645415;-0,019096006
0,26170826;0,035269164;0;6,964398;0,247966185;3;0,187272325;0,063446805
0,110815771;0,205157161;1;10,16744232;0,1598615;5;0,580759645;0,209354267
0,354127675;0,111097425;1;9,636227;0,293723077;4;0,187919557;0,001973764
0,4121052;0,010579685;0;6,850958;0,244210348;3;-0,309275538;-0,025927497
0,265233159;0,211428434;1;10,30417442;0,100681685;5;0,367145032;0,021049872
0,7243892;0,007929367;0;7,649668;0,6838348;2;-0,3730183;0,04458678
0,214127049;-0,160817415;0;6,268528;0,4189753;3;0,103805713;0,147045761
0,3899539;0,08333963;1;9,153209;0,3416299;4;0,123250291;0,150238052
0,7960158;0,08855522;0;6,863418;0,6104165;3;-0,04642197;-0,04472101
0,29711628;0,128942624;0;6,937881;0,244762778;3;0,297743648;0,176830113
0,5184286;0,186723366;0;6,48060751;0,4090652;3;0,3727442;0,011386291
0,4768444;0,05320056;0;5,792748451;0,699622154;2;-0,181880012;0,2442913
0,143249512;0,114452042;1;7,620029;0,07692333;4;0,12029472;0,240077034
0,3680261;0,038213987;0;6,619293;0,295361072;2;0,07218167;0,07925516
0,404588848;-0,14492245;0;5,792269;0,4258705;2;-0,2247004;0,029634533
0,116348;0,06467128;0;7,480361;0,07776739;3;0,256282628;0,09318936
0,5338293;0,002302575;0;8,78972;0,589746952;2;-0,431987137;0,029046994
0,15293;0,1482849;1;9,389853;0,09195773;5;0,191877171;0,00905191
0,154679075;0,006278562;0;9,044404;0,239213422;3;-0,312445968;0,306332082
0,210880429;0,037149172;0;7,351992;0,297830045;2;0,014033064;0,414600164
0,152490675;0,1585903;0;7,528386;0,08440308;3;0,048288714;0,09318875
0,3508774;0,08454763;0;5,266574;0,244670168;2;-0,002071924;0,417628855
0,179231986;0,09728789;1;7,856358528;0,163118035;4;0,4443062;0,09587792
0,289516062;0,09098522;0;7,017723;0,388820857;2;-0,200586841;-0,019481027
0,2371782;0,032385357;0;6,818556;0,204078972;2;0,009461289;0,09610193
0,4302571;-0,01783729;0;3,706277;0,5622879;2;-0,08591429;0,3209502
0,417610437;0,019746017;0;5,134809494;0,5610606;2;-0,242397234;0,04362738
0;0,188113183;0;7,773042;0;2;0,455878168;0,5796865
0,183454588;0,042601064;1;8,127789;0,346655577;4;0,298207462;0,01957549
0,340012521;0,09277529;0;6,069629;0,3121048;3;0,08784821;0,04354331
0,7390576;0,034955572;0;7,072813511;0,6633369;2;-0,368978262;0,0339425
0,429885447;0,08356474;1;9,383033;0,4201228;5;0,175373137;-0,01614023
0,08707278;0,133087516;0;8,135902;0,06842931;3;0,028883068;0,03824515
0,470228851;0,06155802;0;7,525694;0,4145544;3;0,08521987;0,05938721
0,43269223;0,063843586;0;5,916563;0,482506931;3;-0,002008286;0,017138794
0,296937376;0,08495878;0;8,465331;0,3345501;3;0,10556224;0,167093724
0,6976557;0,014168753;0;6,56347;0,519602954;2;-0,5101733;0,118898034
0,246646151;0,109660551;0;8,394144;0,1664981;3;-0,09368995;0,114451125
0,408002943;0,0787482;0;6,355508;0,4163311;2;0,034243982;0,127116472
0,120393969;0,105310284;0;9,018696;0,110613391;3;-0,147461951;0,06308974
0,8234776;-0,024008542;0;5,560647;0,3385523;2;-0,9549308;0,08403357
0,0498292;0,063052736;0;7,632380486;0,03059714;3;0,06021629;0,148388624
0,5070147;0,06713112;0;5,355826378;0,425081968;2;0,06712957;0,03892372
0,353565574;-0,002029537;0;5,5531106;0,338939667;2;-0,022715636;-0,02687966
0,06934853;0,146523938;0;8,12154;0,05674019;3;0,110151932;0,224850371
0,4337104;0,06706152;0;5,628807545;0,102486372;2;-0,122196;0,5176501
0,286726862;0,003775271;0;5,464941502;0,180673376;2;-0,315978974;0,1787066
0,2308496;0,08789042;0;6,353230476;0,24616158;3;0,021154193;0,11891678
0,347866237;0,104926579;0;6,321329;0,23584868;3;0,039926767;0,194482222
0,105347782;0,1792923;0;6,263514519;0,05809155;2;-0,258597672;0,2643825
0,4967615;0,05378767;0;6,697158;0,471456051;2;-0,8986201;0,12954098
0,004883185;0,129795477;0;6,503358;0,004515539;3;0,003621583;0,08963162
0,4023973;0,118041679;0;7,606414;0,360034764;3;0,231789261;0,3935636
0,245863572;-0,06088874;1;7,308005;0,324720442;4;0,1716562;0,209529921
0,582877457;0,167432666;0;7,014776;0,312847674;3;-0,341413528;0,03989301
0,08469396;0,07780591;0;7,887891;0,110782757;2;-0,000765222;0,06658167
0,309219867;0,109574467;1;7,921535492;0,217784181;4;-0,07198582;0,129078016
0,4240439;-0,016413186;1;6,939965;0,43781215;4;-0,379745334;0,156462044
0,2620769;0,039842024;1;8,815709;0,3350795;4;-0,039277595;-0,056884896
0,663831353;-0,03123652;0;4,187729;0,383589536;1;-0,2273386;0,202760845
0;0,047844764;0;8,544614;0;3;-0,223966822;0,3719449
0,7730187;-0,009959873;0;5,789376;0,5127144;2;-0,5801483;0,048694253
0,3523051;0,06346026;1;7,597726;0,226097226;4;0,135695159;0,09192479
0,8455905;0,05126678;0;7,001994;0,8296862;3;-0,2469356;-0,117009521
0,53638345;0,172663659;0;7,49645853;0,133958653;3;-0,2371574;0,1902562
0,145771176;0,199854046;0;7,207858;0,037671;3;0,2348898;0,311377
0,6592386;0,09756338;0;7,67901;0,512961149;3;-0,032530013;-0,011625972
0,4406735;0,06044161;0;6,41942;0,4291753;3;0,08493315;0,06906617
0,7527853;0,105642051;0;6,046727;0,3126028;2;-0,4454814;0,226099417
0,296021372;-0,007422803;0;9,739556;0,7117514;2;-0,526573658;0,05730404
0,11687848;0,07239199;0;7,023071;0,08867771;3;0,034451853;0,04251423
0,29062295;0,010241751;0;5,638226509;0,363905936;2;-0,08971757;0,113806024
0,005748228;0,05096762;0;8,497398;0,005932522;3;-0,1793447;0,163249671
0,371967;0,048840325;0;6,123637;0,6253387;2;0,1241049;0,440057129
0,293820322;0,031425044;0;6,062838;0,370051175;2;0,09236958;0,0901147
0,1644768;0,036676433;1;8,747352;0,0772206;5;-0,232630685;0,234899327
0,252456546;0,142607257;0;5,998805;0,221175343;2;0,1103282;-0,003975153
0,4946999;0,08592539;1;8,553253;0,3141235;4;0,187017262;-0,08495665
0,282285333;0,166863;0;6,47645855;0,116393961;3;0,377524257;0,255147129
0,372775763;-0,00502074;0;7,659247;0,2640358;3;0,194598734;0,224589571
0,117498;0,216018081;0;6,341947;0,08744697;3;0,476367265;0,381523
0,394669056;0,112228081;0;6,125392;0,298586369;3;0,134870335;-0,033322293
0,278455079;0,09818815;0;6,162769;0,1675176;3;0,165147;0,08839656
0,2051233;0,07686099;0;8,443429;0,114655726;3;0,09957536;0,044033967
0,151455835;0,3230552;1;9,060266;0,0716541;5;0,4527547;0,268419623
0,122113;0,0817427;1;8,079215;0,08050329;4;0,04041802;0,176512688
0,194349974;0,08277226;1;10,43749237;0,192305878;5;0,135177344;-0,009908378
0,008393998;0,185495;1;9,746508;0,004544787;5;0,149204582;0,203506351
0,06369427;0,177707;1;8,144679;0,024342524;5;0,053184714;0,190445855
0,2343406;0,1925815;1;7,018528;0,08209983;4;0,358986467;0,217330724
0,274855852;0,060370434;1;10,0972023;0,3180006;4;0,13935;0,257469863
0,014260997;0,184222028;1;8,097457;0,004860252;4;0,36409235;0,1692969
0,5755806;0,08621193;0;8,619869;0,6727148;3;0,07530505;0,179694429
0,32369867;0,0631315;0;8,036503;0,2964381;2;0,064107254;0,07747323
0,8930377;0,359410226;0;7,048604488;0,130494013;3;0,381368548;-0,045695286
0,155909464;0,174382269;0;5,656576;0,0721812;3;0,3026022;0,206000715
0,239294;0,161795;0;8,358191;0,114548318;3;0,161463;0,159894645
0,5721496;0,107447512;0;7,114209;0,614816546;2;-0,04884894;0,126742736
0,258146673;0,07735809;1;7,683797;0,206539929;4;0,053976;0,220703572
0,331793845;0,011761122;0;6,040612;0,2870597;2;-0,1304088;0,106833458
0,233928174;0,19584924;0;7,308685;0,0746472;3;0,284940779;0,3120303
0,597636163;0,021246403;0;7,439137459;0,4669814;2;0,03725591;-0,01053443
0,4518984;-0,041264705;0;5,634957;0,27508238;1;-0,08444339;0,140948683
0,7835202;0,106522426;0;7,830704;0,414530456;3;0,022386292;-0,1701674
0,669240057;-0,008952374;0;5,571557;0,626185;3;-0,37126255;0,030967725
0,7556198;0,101763889;0;6,519259453;0,655911446;2;-0,986156;0,13182497
0,4079201;0,01493539;0;5,941181;0,6302705;2;-0,101210281;0,021697117
0,30244717;0,1012288;0;5,986248493;0,226516023;2;0,101020269;0,2264645
0,2827252;-0,210360155;0;6,825105;0,164932147;3;-0,291538149;0,1105097
0,9506294;0,005128801;0;5,42077;0,8198098;2;-0,674481452;0,037930775
0,290806651;-0,104287036;0;6,850571;0,20379442;3;-0,0814131;-0,025772244
0,541035235;0,015680244;0;6,581999;0,281495631;2;-0,100160368;0,105128832
0,328807563;0,04108536;0;6,278863;0,4401806;3;0,063761674;0,02464945
0,375873476;0,09469231;0;5,207221508;0,252212882;3;0,07144821;0,364604145
0,08431166;0,128234223;0;7,1947155;0,09047678;3;0,188606173;0,007561595
0,141113654;0,148741424;0;8,9297;0,07205065;3;0,364607155;0,32837528
0,223369986;0,111129627;1;7,413428;0,10050714;4;0,11235144;0,14678441
0,266777843;0,08339436;0;6,164821;0,150080249;2;-0,09398512;-0,04966942
0,4570512;0,002585887;0;8,115979;0,4032052;2;-0,120918088;0,1062243
0,3915084;0,106542334;0;6,291326523;0,3725759;2;0,110398822;-0,01522909
0,490496367;0,269543;0;6,729504;0,2447236;3;0,067465834;0,152765661
0,405918926;0,102799922;0;6,747502;0,281001866;3;-0,385458976;0,294953436
0,8208717;0,138877779;0;6,609754;0,440839738;2;-0,09836066;0,25989604
0,301561445;0,070823595;0;7,428541;0,3637885;2;0,04563454;0,1577292
0,1748954;0,09735007;0;8,672999;0,109060645;3;0,08340307;0,2553696
0,584599257;0,024938552;0;5,767608;0,427302569;2;-0,04981748;0,05479459
0,7203183;0,02128901;0;6,298002;0,4478918;2;-0,272700369;0,008103747
0,6015006;0,06802134;0;6,226327;0,5928243;3;-0,1674257;0,018145682
0,250203818;0,1293752;1;7,873482;0,09165512;4;0,1372933;0,3459541
0,659110248;0,06455936;0;6,367192;0,63836956;2;-0,09176523;0,16990824
0,351195;0,168683335;0;6,62603;0,324772954;3;0,059965104;0,21898827
0,204285547;0,08366438;0;6,567797;0,120590791;3;-0,182617068;0,012399182
0,318669081;-0,029045695;0;6,118095;0,1914474;2;-0,02453514;0,012954097
0,42096284;0,101611987;0;7,462164;0,104608744;3;0,166164264;0,04751299
0,387748331;0,05503637;0;6,494747;0,407276362;2;-0,352487326;0,0668182
0,4236499;-0,05735568;0;6,597691;0,354942977;2;-0,09757914;0,230726257
0,598918259;0,08962062;0;5,445184;0,5183013;3;-0,043558173;-0,04195729
0,5025534;0,05599459;0;9,469747;0,539241552;3;-0,173282221;0,136215553
0,321927071;0,08818612;0;6,6085;0,177089736;2;0,009560649;0,07412993
0,4348384;0,151424542;0;7,756947;0,3087729;2;0,08270627;0,3187559
0,5721602;0,036097612;0;6,999565;0,5659686;2;-0,030373583;0,072371
0,230048776;-0,08531587;0;7,602304;0,298509419;2;-0,05714506;0,267084
0,4211647;-0,052762736;0;5,430411;0,321710348;1;-0,6693745;0,08263585
0,488157541;0,06452449;0;7,304852;0,421203643;3;-0,4852034;0,211453751
0,289106846;0,09777672;0;7,143359;0,301985145;2;-0,08738253;0,2456689
0,1418027;0,025959386;1;7,925417;0,107022919;4;0,024438888;0,306429446
0,36722666;0,1982374;1;9,742734;0,2216916;5;0,2502341;-0,005645827
0,184144378;0,07936793;0;10,01868916;0,169659868;3;0,0223559;0,114113845
0;0,302516937;1;7,674153;0;4;0,675701857;0,6292352
0,5655161;0,169702753;1;8,625594;0,221158832;4;-0,146372676;-0,07542344
0,3033358;-0,012532972;1;8,638115;0,3631691;5;0,010459796;0,223897472
0,4128145;-0,06814507;0;4,98596;0,7432878;3;0,126135692;0,224226579
0,118340775;0,3219265;1;10,96657276;0,09254962;5;0,2215455;-0,002079737
0,622096;0,177594081;1;8,033487;0,224362075;4;-0,024522675;-0,108673155
0,443365335;0,09439415;1;10,97776413;0,470314234;5;0,02647463;-0,1364609
0,3138953;0,103605464;1;9,232091;0,257625282;5;0,1707625;-0,0912979
0,365350336;0,06708633;1;11,19116592;0,4422286;5;-0,111284018;-0,0648264
0,117246725;0,08166782;1;9,000113;0,09917451;5;0,138955891;0,150499657
0,145966083;0,261935741;1;8,538642;0,05805098;4;0,3573544;0,1406264
0;0,12307974;0;4,910181;0;2;-0,360211074;0,418885052
0,468826056;0,1742619;0;5,42172;0,132809386;3;0,0887543;0,159862533
